
# position 0 0 0
g Default Road 001-New Material 1
v 29.32311 100.0341 -985.9697
v 25.50429 100.0432 -991.1548
v 29.55797 100.0341 -990.9642
v 25.26943 100.0432 -986.1603
v 21.4708 100.0523 -991.3444
v 21.19634 100.0523 -986.3519
v 17.47597 100.0608 -991.5959
v 17.13268 100.0608 -986.6078
v 13.45577 100.0688 -991.8961
v 13.06156 100.0688 -986.9117
v 9.47822 100.0764 -992.2285
v 9.044369 100.0764 -987.2474
v 5.442228 100.0838 -992.5941
v 4.977352 100.0838 -987.6157
v 1.379104 100.0911 -992.9849
v 0.8892056 100.0911 -988.0089
v -2.68302 100.0982 -993.394
v -3.193122 100.0982 -988.4202
v -6.718625 100.1051 -993.8153
v -7.244989 100.1051 -988.8431
v -10.70425 100.1118 -994.2432
v -11.24403 100.1118 -989.2724
v -14.80821 100.1186 -994.6938
v -15.35876 100.1186 -989.7242
v -18.83123 100.1252 -995.1436
v -19.39074 100.1252 -990.1749
v -22.95374 100.1319 -995.611
v -23.52014 100.1319 -990.6432
v -26.9684 100.1384 -996.0713
v -27.54027 100.1384 -991.1041
v -31.06601 100.145 -996.545
v -31.64197 100.145 -991.5783
v -35.24304 100.1517 -997.0309
v -35.82189 100.1517 -992.0645
v -39.28154 100.1581 -997.5026
v -39.86226 100.1581 -992.5364
v -43.3857 100.1646 -997.983
v -43.96733 100.1646 -993.017
v -47.5525 100.1712 -998.4713
v -48.13411 100.1712 -993.5052
v -51.55504 100.1776 -998.9398
v -52.13583 100.1776 -993.9736
v -55.60854 100.1841 -999.4134
v -56.18789 100.1841 -994.4471
v -59.71055 100.1906 -999.8912
v -60.28765 100.1906 -994.9246
v -63.85855 100.1972 -1000.372
v -64.43266 100.1972 -995.4051
v -68.04987 100.204 -1000.855
v -68.62061 100.204 -995.8878
v -72.0461 100.2104 -1001.313
v -72.61276 100.2104 -996.345
v -76.07674 100.217 -1001.771
v -76.63872 100.217 -996.8024
v -80.13961 100.2236 -1002.228
v -80.69645 100.2236 -997.2593
v -84.23261 100.2303 -1002.685
v -84.78384 100.2303 -997.7152
v -88.3537 100.2371 -1003.139
v -88.89865 100.2371 -998.1691
v -92.50079 100.244 -1003.591
v -93.03883 100.244 -998.6203
v -96.67171 100.251 -1004.04
v -97.20226 100.251 -999.0679
v -100.8643 100.2581 -1004.484
v -101.3869 100.2581 -999.5111
v -105.0765 100.2653 -1004.923
v -105.5907 100.2653 -999.9495
v -109.3062 100.2726 -1005.356
v -109.8114 100.2726 -1000.382
v -113.3013 100.2795 -1005.758
v -113.7972 100.2795 -1000.783
v -117.3083 100.2866 -1006.154
v -117.7944 100.2866 -1001.178
v -121.3253 100.2937 -1006.542
v -121.8013 100.2937 -1001.565
v -125.3508 100.301 -1006.923
v -125.816 100.301 -1001.945
v -129.3829 100.3083 -1007.295
v -129.8368 100.3083 -1002.316
v -133.4199 100.3157 -1007.659
v -133.8619 100.3157 -1002.678
v -137.46 100.3232 -1008.012
v -137.8895 100.3232 -1003.031
v -141.5014 100.3309 -1008.355
v -141.9179 100.3309 -1003.373
v -145.5424 100.3386 -1008.688
v -145.9451 100.3386 -1003.704
v -149.5811 100.3464 -1009.008
v -149.9695 100.3464 -1004.023
v -153.616 100.3543 -1009.317
v -153.9893 100.3543 -1004.331
v -157.6452 100.3624 -1009.612
v -158.0028 100.3624 -1004.625
v -161.6671 100.3705 -1009.894
v -162.0083 100.3705 -1004.906
v -165.6798 100.3787 -1010.162
v -166.0039 100.3787 -1005.172
v -169.682 100.3871 -1010.414
v -169.9875 100.3871 -1005.424
v -173.9198 100.3961 -1010.666
v -174.206 100.3961 -1005.674
v -178.1416 100.4052 -1010.899
v -178.4069 100.4052 -1005.906
v -182.3451 100.4145 -1011.114
v -182.5885 100.4145 -1006.12
v -186.528 100.4238 -1011.308
v -186.7485 100.4238 -1006.313
v -190.6883 100.4333 -1011.482
v -190.8848 100.4333 -1006.486
v -194.824 100.4429 -1011.635
v -194.9953 100.4429 -1006.637
v -198.9329 100.4527 -1011.765
v -199.0779 100.4527 -1006.767
v -203.0129 100.4626 -1011.872
v -203.1304 100.4626 -1006.873
v -207.0621 100.4727 -1011.956
v -207.1506 100.4727 -1006.957
v -211.0788 100.4828 -1012.015
v -211.136 100.4828 -1007.015
v -215.2926 100.4938 -1012.05
v -215.3169 100.4938 -1007.05
v -219.4651 100.5048 -1012.056
v -219.4538 100.5048 -1007.056
v -223.5935 100.5161 -1012.031
v -223.5445 100.5161 -1007.031
v -227.6752 100.5275 -1011.975
v -227.5866 100.5275 -1006.976
v -231.7084 100.539 -1011.887
v -231.577 100.539 -1006.889
v -235.9086 100.5514 -1011.759
v -235.7317 100.5514 -1006.762
v -240.0492 100.564 -1011.592
v -239.8229 100.564 -1006.597
v -244.1274 100.5767 -1011.386
v -243.8473 100.5767 -1006.394
v -248.3476 100.5904 -1011.126
v -248.0101 100.5904 -1006.138
v -252.4923 100.6042 -1010.82
v -252.0921 100.6042 -1005.836
v -256.5583 100.6183 -1010.467
v -256.0894 100.6183 -1005.489
v -260.7367 100.6333 -1010.044
v -260.1942 100.6333 -1005.073
v -264.8218 100.6485 -1009.565
v -264.1966 100.6485 -1004.604
v -268.9936 100.6647 -1009.003
v -268.279 100.6647 -1004.054
v -273.0549 100.6813 -1008.376
v -272.2392 100.6813 -1003.443
v -277.1736 100.6988 -1007.65
v -276.2482 100.6988 -1002.736
v -281.1624 100.7167 -1006.849
v -280.1123 100.7167 -1001.96
v -285.1772 100.7356 -1005.93
v -283.9879 100.7356 -1001.074
v -289.1949 100.7557 -1004.881
v -287.8463 100.7557 -1000.067
v -293.189 100.7771 -1003.686
v -291.658 100.7771 -998.9261
v -297.131 100.7997 -1002.328
v -295.3901 100.7997 -997.6406
v -300.9917 100.8235 -1000.787
v -299.0051 100.8235 -996.1984
v -304.8545 100.8497 -998.982
v -302.5853 100.8497 -994.5267
v -308.5871 100.8773 -996.9109
v -305.904 100.8773 -992.6919
v -313.4742 100.9204 -993.5016
v -310.4195 100.9204 -989.5435
v -316.7031 100.9536 -990.6389
v -313.2087 100.9536 -987.063
v -319.6782 100.9902 -987.4473
v -315.8645 100.9902 -984.2141
v -322.3302 101.0288 -984.0017
v -318.2332 101.0288 -981.136
v -324.6623 101.0693 -980.3242
v -320.3318 101.0693 -977.8254
v -326.6214 101.1101 -976.567
v -322.1009 101.1101 -974.431
v -328.3026 101.1524 -972.6238
v -323.6376 101.1524 -970.8252
v -329.6731 101.1945 -968.6547
v -324.897 101.1945 -967.1761
v -330.8087 101.238 -964.5325
v -325.9528 101.238 -963.342
v -331.6906 101.2808 -960.4277
v -326.7768 101.2808 -959.5048
v -332.3753 101.3247 -956.1957
v -327.4229 101.3247 -955.5096
v -332.856 101.3678 -952.0191
v -327.8787 101.3678 -951.5464
v -333.1618 101.4097 -947.9186
v -328.17 101.4097 -947.6376
v -333.3233 101.4524 -943.7256
v -328.3249 101.4524 -943.6128
v -333.3489 101.4938 -939.6335
v -328.3494 101.4938 -939.6754
v -333.2543 101.5357 -935.4634
v -328.2578 101.5357 -935.644
v -333.0448 101.5781 -931.2186
v -328.0544 101.5781 -931.5239
v -332.743 101.619 -927.1057
v -327.761 101.619 -927.5258
v -332.3462 101.6603 -922.9333
v -327.3737 101.6603 -923.4542
v -331.8849 101.6997 -918.9127
v -326.9229 101.6997 -919.5266
v -331.3454 101.7395 -914.8432
v -326.3945 101.7395 -915.5408
v -330.7314 101.7795 -910.7266
v -325.7921 101.7795 -911.5018
v -330.0465 101.8198 -906.5667
v -325.1187 101.8198 -907.4119
v -329.3352 101.858 -902.5861
v -324.4189 101.858 -903.496
v -328.5668 101.8964 -898.5719
v -323.6617 101.8964 -899.5403
v -327.744 101.9349 -894.5259
v -322.8499 101.9349 -895.5483
v -326.8701 101.9734 -890.4506
v -321.9867 101.9734 -891.5233
v -325.948 102.012 -886.3487
v -321.075 102.012 -887.4677
v -324.9808 102.0506 -882.2234
v -320.1176 102.0506 -883.3842
v -324.0284 102.087 -878.3065
v -319.1746 102.087 -879.5058
v -323.0411 102.1233 -874.3733
v -318.196 102.1233 -875.6072
v -322.0215 102.1596 -870.4255
v -317.1845 102.1596 -871.6913
v -320.9718 102.1958 -866.4653
v -316.1426 102.1958 -867.7604
v -319.8948 102.2318 -862.4951
v -315.0729 102.2318 -863.8169
v -318.793 102.2678 -858.5168
v -313.9778 102.2678 -859.863
v -317.6689 102.3035 -854.5329
v -312.8599 102.3035 -855.9011
v -316.5251 102.339 -850.5455
v -311.7218 102.339 -851.9336
v -315.364 102.3743 -846.5571
v -310.5659 102.3743 -847.9627
v -314.1884 102.4094 -842.5696
v -309.3948 102.4094 -843.9908
v -313.0005 102.4442 -838.5854
v -308.2109 102.4442 -840.0203
v -311.8031 102.4787 -834.607
v -307.017 102.4787 -836.0532
v -310.5987 102.5128 -830.6365
v -305.8154 102.5128 -832.092
v -309.3897 102.5466 -826.6761
v -304.6087 102.5466 -828.1391
v -308.1788 102.5801 -822.7283
v -303.3994 102.5801 -824.1967
v -306.9684 102.6131 -818.7953
v -302.1901 102.6131 -820.267
v -305.7612 102.6457 -814.8792
v -300.9833 102.6457 -816.3523
v -304.5596 102.6779 -810.9825
v -299.7815 102.6779 -812.455
v -303.3663 102.7096 -807.1075
v -298.5873 102.7096 -808.5773
v -302.1836 102.7407 -803.2565
v -297.4032 102.7407 -804.7214
v -301.0142 102.7714 -799.432
v -296.2316 102.7714 -800.8896
v -299.7933 102.8032 -795.4135
v -295.0077 102.8032 -796.8614
v -298.5932 102.8345 -791.4299
v -293.8038 102.8345 -792.8654
v -297.4168 102.865 -787.484
v -292.6229 102.865 -788.9043
v -296.2672 102.8948 -783.5785
v -291.4679 102.8948 -784.9807
v -295.1474 102.9239 -779.7165
v -290.3419 102.9239 -781.097
v -294.0009 102.9538 -775.6894
v -289.1882 102.9538 -777.0447
v -292.8945 102.9828 -771.7172
v -288.0736 102.9828 -773.0431
v -291.8318 103.0108 -767.8028
v -287.0018 103.0108 -769.0952
v -290.8164 103.0379 -763.9503
v -285.9761 103.0379 -765.2036
v -289.802 103.0654 -759.9639
v -284.9506 103.0654 -761.1732
v -288.8482 103.0917 -756.0543
v -283.984 103.0917 -757.2113
v -287.9158 103.118 -752.0338
v -283.038 103.118 -753.1317
v -287.0594 103.143 -748.1073
v -282.1664 103.143 -749.1353
v -286.2482 103.1677 -744.0965
v -281.3392 103.1677 -745.0453
v -285.5311 103.1908 -740.2008
v -280.6046 103.1908 -741.0543
v -284.8689 103.2137 -736.1343
v -279.9284 103.2137 -736.903
v -284.2857 103.2351 -732.1943
v -279.3376 103.2351 -732.9127
v -283.692 103.257 -728.0269
v -278.7402 103.257 -728.7191
v -283.1232 103.2782 -723.8778
v -278.1679 103.2782 -724.5448
v -282.5774 103.2988 -719.7469
v -277.6191 103.2988 -720.3907
v -282.0529 103.3187 -715.6347
v -277.0918 103.3187 -716.2573
v -281.5478 103.3379 -711.5417
v -276.5844 103.3379 -712.1449
v -281.0604 103.3564 -707.4684
v -276.0949 103.3564 -708.0542
v -280.589 103.3741 -703.415
v -275.6217 103.3741 -703.9856
v -280.1317 103.3912 -699.3823
v -275.1628 103.3912 -699.9397
v -279.6866 103.4075 -695.3704
v -274.7166 103.4075 -695.9166
v -279.2523 103.4231 -691.3801
v -274.2812 103.4231 -691.917
v -278.8033 103.4387 -687.1915
v -273.8315 103.4387 -687.7215
v -278.3619 103.4535 -683.0278
v -273.3896 103.4535 -683.5532
v -277.9261 103.4674 -678.8896
v -272.9536 103.4674 -679.4128
v -277.4939 103.4805 -674.7774
v -272.5214 103.4805 -675.301
v -277.063 103.4926 -670.6915
v -272.0909 103.4926 -671.218
v -276.6314 103.5039 -666.6326
v -271.6598 103.5039 -667.1648
v -276.197 103.5143 -662.601
v -271.2263 103.5143 -663.1415
v -275.7576 103.5238 -658.5971
v -270.7881 103.5238 -659.1492
v -275.2874 103.5328 -654.4138
v -270.3196 103.5328 -654.9803
v -274.807 103.5408 -650.2623
v -269.8413 103.5408 -650.8469
v -274.3138 103.5477 -646.1436
v -269.3506 103.5477 -646.7495
v -273.8053 103.5536 -642.0582
v -268.8452 103.5536 -642.6889
v -273.2791 103.5584 -638.0065
v -268.3226 103.5584 -638.6654
v -272.7327 103.5622 -633.9896
v -267.7806 103.5622 -634.6801
v -272.1635 103.5648 -630.007
v -267.2166 103.5648 -630.7339
v -271.5387 103.5665 -625.8648
v -266.5979 103.5665 -626.632
v -270.8832 103.5668 -621.7623
v -265.9497 103.5668 -622.5746
v -270.1942 103.566 -617.7004
v -265.2691 103.566 -618.5623
v -269.4687 103.5639 -613.6797
v -264.5533 103.5639 -614.5956
v -268.7036 103.5605 -609.7004
v -263.7997 103.5605 -610.6763
v -267.8567 103.5556 -605.5792
v -262.9662 103.5556 -606.6196
v -266.9599 103.5492 -601.5049
v -262.0851 103.5492 -602.6163
v -266.0099 103.5415 -597.4791
v -261.153 103.5415 -598.6667
v -265.0031 103.5323 -593.5028
v -260.1668 103.5323 -594.7717
v -263.9361 103.5216 -589.5756
v -259.1239 103.5216 -590.933
v -262.7531 103.5088 -585.5265
v -257.9684 103.5088 -586.9779
v -261.4965 103.4944 -581.5334
v -256.7437 103.4944 -583.0861
v -260.1626 103.4783 -577.598
v -255.4461 103.4783 -579.2576
v -258.7476 103.4606 -573.7216
v -254.0721 103.4606 -575.4932
v -257.2475 103.4412 -569.9049
v -252.618 103.4412 -571.7937
v -255.6577 103.42 -566.1483
v -251.081 103.42 -568.1614
v -253.9008 103.3961 -562.2972
v -249.3831 103.3961 -564.4393
v -252.0377 103.3703 -558.514
v -247.5868 103.3703 -560.7919
v -250.063 103.3425 -554.7984
v -245.6894 103.3425 -557.2214
v -247.7944 103.3103 -550.8553
v -243.5123 103.3103 -553.4363
v -245.5592 103.2771 -547.3288
v -241.4026 103.2771 -550.1074
v -243.1634 103.2387 -543.9279
v -239.1445 103.2387 -546.9021
v -240.6196 103.1955 -540.6537
v -236.7408 103.1955 -543.8084
v -237.9368 103.1478 -537.5012
v -234.1984 103.1478 -540.821
v -235.1237 103.0957 -534.4647
v -231.5243 103.0957 -537.9346
v -232.1891 103.0397 -531.5386
v -228.7254 103.0397 -535.1439
v -229.1414 102.9799 -528.7171
v -225.809 102.9799 -532.444
v -225.9892 102.9168 -525.9947
v -222.7824 102.9168 -529.8301
v -222.7406 102.8504 -523.3652
v -219.6529 102.8504 -527.297
v -219.4039 102.7813 -520.8229
v -216.428 102.7813 -524.84
v -215.9873 102.7095 -518.3621
v -213.1155 102.7095 -522.4542
v -212.4987 102.6355 -515.9768
v -209.7229 102.6355 -520.1345
v -208.9461 102.5594 -513.6611
v -206.258 102.5594 -517.8761
v -205.3383 102.4816 -511.4102
v -202.7277 102.4816 -515.6735
v -201.8644 102.4064 -509.3246
v -199.323 102.4064 -513.6295
v -198.3548 102.3301 -507.2874
v -195.873 102.3301 -511.6269
v -194.8152 102.253 -505.293
v -192.3852 102.253 -509.6617
v -191.2524 102.1754 -503.3367
v -188.8664 102.1754 -507.7297
v -187.6731 102.0975 -501.4138
v -185.3234 102.0975 -505.8263
v -184.084 102.0194 -499.5194
v -181.7629 102.0194 -503.947
v -180.492 101.9415 -497.649
v -178.1915 101.9415 -502.0874
v -176.9037 101.8641 -495.7978
v -174.6161 101.8641 -500.2428
v -173.3259 101.7873 -493.9611
v -171.0434 101.7873 -498.4087
v -169.7655 101.7114 -492.1345
v -167.4798 101.7114 -496.5805
v -166.0436 101.6328 -490.2173
v -163.7463 101.6328 -494.6573
v -162.3565 101.5557 -488.301
v -160.0383 101.5557 -492.7302
v -158.7119 101.4805 -486.38
v -156.3636 101.4805 -490.7934
v -155.1178 101.4073 -484.4493
v -152.7299 101.4073 -488.8414
v -151.5823 101.3366 -482.5037
v -149.145 101.3366 -486.8686
v -148.114 101.2686 -480.5386
v -145.6158 101.2686 -484.869
v -144.551 101.2004 -478.4474
v -141.9811 101.2004 -482.7356
v -141.0801 101.1358 -476.3233
v -138.4253 101.1358 -480.5596
v -137.7097 101.0752 -474.1604
v -134.9584 101.0752 -478.3347
v -134.4504 101.0188 -471.9539
v -131.5878 101.0188 -476.0528
v -131.1608 100.9647 -469.5869
v -128.1744 100.9647 -473.5966
v -128.0147 100.916 -467.1612
v -124.8859 100.916 -471.0609
v -124.8838 100.8713 -464.5511
v -121.5998 100.8713 -468.3211
v -121.9385 100.8334 -461.8698
v -118.4683 100.8334 -465.4693
v -118.6851 100.7981 -458.5752
v -115.0358 100.7981 -461.993
v -116.009 100.7754 -455.5393
v -112.1788 100.7754 -458.7532
v -113.482 100.7603 -452.373
v -109.5038 100.7603 -455.4018
v -111.1012 100.7526 -449.0927
v -106.9934 100.7526 -451.9432
v -108.8572 100.7515 -445.7077
v -104.6368 100.7515 -448.3888
v -106.7405 100.7568 -442.2278
v -102.4233 100.7568 -444.75
v -104.7418 100.7679 -438.6628
v -100.3419 100.7679 -441.0377
v -102.8517 100.7844 -435.0226
v -98.38171 100.7844 -437.2628
v -101.0609 100.8057 -431.3175
v -96.53202 100.8057 -433.4362
v -99.35983 100.8315 -427.5578
v -94.78201 100.8315 -429.5684
v -97.73901 100.8612 -423.7538
v -93.12095 100.8612 -425.6701
v -96.18881 100.8944 -419.9157
v -91.53824 100.8944 -421.7516
v -94.69956 100.9305 -416.0542
v -90.02335 100.9305 -417.8236
v -93.26145 100.9693 -412.1795
v -88.56582 100.9693 -413.8966
v -91.86465 101.01 -408.3019
v -87.15528 101.01 -409.981
v -90.49915 101.0524 -404.432
v -85.78146 101.0524 -406.0874
v -89.15496 101.0959 -400.5799
v -84.43415 101.0959 -402.2265
v -87.82193 101.14 -396.756
v -83.10327 101.14 -398.4087
v -86.48968 101.1843 -392.97
v -81.779 101.1843 -394.6453
v -85.07722 101.2306 -389.0382
v -80.38083 101.2306 -390.7531
v -83.64199 101.2761 -385.1717
v -78.96757 101.2761 -386.9455
v -82.17123 101.3201 -381.3811
v -77.52838 101.3201 -383.2361
v -80.57631 101.3642 -377.4991
v -75.97591 101.3642 -379.4571
v -78.91267 101.4055 -373.7259
v -74.37106 101.4055 -375.8166
v -77.08238 101.4451 -369.9107
v -72.61757 101.4451 -372.1609
v -75.14115 101.4801 -366.2443
v -70.78077 101.4801 -368.6909
v -72.97604 101.5111 -362.5944
v -68.7543 101.5111 -365.2731
v -70.54697 101.5365 -359.0068
v -66.50778 101.5365 -361.9537
v -67.91306 101.5538 -355.6589
v -64.11765 101.5538 -358.9138
v -64.93556 101.5622 -352.4672
v -61.44732 101.5622 -356.0494
v -61.72504 101.5597 -349.6308
v -58.54163 101.5597 -353.4865
v -59.44539 101.5521 -347.9464
v -56.7427 101.5521 -352.1529
v -55.6694 101.53 -345.7367
v -53.43924 101.53 -350.2116
v -51.55678 101.4966 -344.0203
v -49.9011 101.4966 -348.738
v -47.40478 101.4552 -342.8312
v -46.269 101.4552 -347.7002
v -43.08698 101.4054 -342.0395
v -42.38263 101.4054 -346.9892
v -38.82819 101.3509 -341.6077
v -38.4823 101.3509 -346.5952
v -34.66979 101.2935 -341.4536
v -34.61647 101.2935 -346.4528
v -30.42781 101.2314 -341.5165
v -30.6052 101.2314 -346.5128
v -26.33425 101.1687 -341.7487
v -26.70158 101.1687 -346.7346
v -22.18984 101.1029 -342.1228
v -22.70676 101.1029 -347.0954
v -18.00526 101.0346 -342.6142
v -18.64097 101.0346 -347.5729
v -13.79554 100.9642 -343.1987
v -14.52011 100.9642 -348.1452
v -9.806596 100.8964 -343.815
v -10.59545 100.8964 -348.7516
v -5.820776 100.8278 -344.4729
v -6.649707 100.8278 -349.403
v -1.849587 100.7589 -345.1528
v -2.697416 100.7589 -350.0796
v 2.093736 100.6902 -345.8348
v 1.248629 100.6902 -350.7621
v 6.224653 100.618 -346.5377
v 5.405022 100.618 -351.4693
v 10.29369 100.5472 -347.1978
v 9.524954 100.5472 -352.1376
v 14.28302 100.4782 -347.7919
v 13.59533 100.4782 -352.7437
v 18.39297 100.408 -348.3229
v 17.81847 100.408 -353.2891
v 22.37263 100.3411 -348.7283
v 21.95709 100.3411 -353.7104
v 26.4031 100.275 -348.9919
v 26.20017 100.275 -353.9872
v 30.43032 100.2113 -349.0575
v 30.51426 100.2113 -354.0562
v 34.39152 100.1517 -348.861
v 34.8589 100.1517 -353.8386
v 38.21343 100.0983 -348.3323
v 39.18662 100.0983 -353.2363
v 41.81567 100.0536 -347.3973
v 43.4379 100.0536 -352.1265
v 45.06781 100.0203 -346.0079
v 47.58224 100.0203 -350.3296
v 48.80673 100 -343.3234
v 52.07425 100 -347.108
v 51.34364 100.0036 -340.5787
v 55.19344 100.0036 -343.7691
v 53.5736 100.0218 -337.539
v 57.73769 100.0218 -340.3065
v 55.55285 100.0515 -334.2368
v 59.93641 100.0515 -336.6416
v 57.29566 100.09 -330.7482
v 61.83672 100.09 -332.8401
v 58.82096 100.1351 -327.1383
v 63.47603 100.1351 -328.9622
v 60.14728 100.1849 -323.4675
v 64.88753 100.1849 -325.0568
v 61.35088 100.2403 -319.59
v 66.15389 100.2403 -320.978
v 62.38194 100.2977 -315.7331
v 67.23382 100.2977 -316.9389
v 63.30517 100.3589 -311.7251
v 68.19346 100.3589 -312.7735
v 64.08287 100.42 -307.8014
v 68.99983 100.42 -308.7057
v 64.76736 100.4832 -303.7738
v 69.70631 100.4832 -304.549
v 65.36096 100.5481 -299.6578
v 70.31677 100.5481 -300.3166
v 65.84134 100.6105 -295.6944
v 70.81035 100.6105 -296.2448
v 66.2449 100.6733 -291.6772
v 71.22386 100.6733 -292.1289
v 66.57384 100.7361 -287.6199
v 71.56038 100.7361 -287.9786
v 66.83064 100.7983 -283.535
v 71.82275 100.7983 -283.8058
v 67.01778 100.8594 -279.4348
v 72.01376 100.8594 -279.6219
v 67.13779 100.919 -275.3316
v 72.13614 100.919 -275.4386
v 67.19321 100.9764 -271.2377
v 72.19267 100.9764 -271.2677
v 67.18665 101.0314 -267.1655
v 72.18602 101.0314 -267.1208
v 67.12065 101.0832 -263.127
v 72.1189 101.0832 -263.0096
v 66.99791 101.1315 -259.1356
v 71.99393 101.1315 -258.9447
v 66.80955 101.178 -254.984
v 71.80231 101.178 -254.7205
v 66.56399 101.2194 -250.9129
v 71.55233 101.2194 -250.5749
v 66.26438 101.2551 -246.9366
v 71.24697 101.2551 -246.5217
v 65.89398 101.2859 -242.8675
v 70.86926 101.2859 -242.372
v 65.44827 101.31 -238.7418
v 70.41435 101.31 -238.1609
v 64.94759 101.3248 -234.7779
v 69.90479 101.3248 -234.1253
v 64.64535 101.3288 -232.6411
v 69.58772 101.3288 -231.8841
v 64.00196 101.3279 -228.6049
v 68.92951 101.3279 -227.7569
v 63.27839 101.3169 -224.6955
v 68.18207 101.3169 -223.719
v 62.42866 101.2955 -220.7037
v 67.30381 101.2955 -219.5938
v 61.48336 101.2649 -216.8103
v 66.32433 101.2649 -215.56
v 60.43988 101.2261 -213.0025
v 65.24068 101.2261 -211.6063
v 59.23938 101.1778 -209.0942
v 63.99498 101.1778 -207.5513
v 57.92496 101.1227 -205.2503
v 62.62961 101.1227 -203.5588
v 56.49261 101.062 -201.4545
v 61.14225 101.062 -199.6174
v 54.93867 100.9966 -197.6921
v 59.53019 100.9966 -195.7144
v 53.25877 100.9278 -193.947
v 57.79145 100.9278 -191.838
v 51.5325 100.8597 -190.3717
v 56.00547 100.8597 -188.1389
v 49.68418 100.7905 -186.7863
v 54.09901 100.7905 -184.4407
v 47.71056 100.7211 -183.1787
v 52.06972 100.7211 -180.7311
v 45.70866 100.6555 -179.7064
v 50.01412 100.6555 -177.1653
v 43.58631 100.5914 -176.191
v 47.84305 100.5914 -173.5691
v 41.45282 100.5326 -172.7973
v 45.66377 100.5326 -170.1022
v 39.20539 100.4767 -169.3461
v 43.37587 100.4767 -166.5888
v 36.96475 100.427 -166.0093
v 41.09799 100.427 -163.1963
v 34.61748 100.3811 -162.6052
v 38.71853 100.3811 -159.7453
v 32.29538 100.3419 -159.3136
v 36.36736 100.3419 -156.4124
v 29.87449 100.3072 -155.9483
v 33.92183 100.3072 -153.0128
v 27.49735 100.2791 -152.6985
v 31.52283 100.2791 -149.733
v 25.02958 100.2561 -149.3719
v 29.03692 100.2561 -146.3819
v 22.62409 100.2394 -146.1674
v 26.61562 100.2394 -143.1562
v 20.1359 100.2279 -142.8852
v 24.11533 100.2279 -139.858
v 18.05927 100.2227 -140.1666
v 22.00852 100.2227 -137.1001
v 15.59448 100.2204 -137.036
v 19.48689 100.2204 -133.8976
v 13.04625 100.2207 -133.9488
v 16.87195 100.2207 -130.7295
v 10.43825 100.2233 -130.9088
v 14.20743 100.2233 -127.6235
v 7.801882 100.2277 -127.9321
v 11.52206 100.2277 -124.5914
v 5.034587 100.2341 -124.8914
v 8.713089 100.2341 -121.5049
v 2.281078 100.2418 -121.9354
v 5.922457 100.2418 -118.509
v -0.5755831 100.251 -118.9293
v 3.034239 100.251 -115.4697
v -3.383521 100.2613 -116.0249
v 0.1981599 100.2613 -112.5362
v -6.271171 100.2728 -113.0821
v -2.713336 100.2728 -109.569
v -9.081015 100.2849 -110.2548
v -5.544387 100.2849 -106.7204
v -11.95073 100.2982 -107.3989
v -8.432384 100.2982 -103.8463
v -14.87433 100.3124 -104.5174
v -11.37207 100.3124 -100.9489
v -17.84612 100.3277 -101.6129
v -14.35787 100.3277 -98.03075
v -20.86056 100.3438 -98.68807
v -17.38408 100.3438 -95.09451
v -23.75012 100.36 -95.90127
v -20.28363 100.36 -92.29807
v -26.66807 100.3769 -93.10089
v -23.20963 100.3769 -89.48997
v -29.60944 100.3946 -90.28937
v -26.15747 100.3946 -86.67227
v -32.5694 100.4129 -87.46899
v -29.12237 100.4129 -83.84718
v -35.54316 100.4319 -84.642
v -32.09958 100.4319 -81.01692
v -38.52592 100.4514 -81.81068
v -35.08429 100.4514 -78.18376
v -41.51288 100.4716 -78.97726
v -38.07173 100.4716 -75.34988
v -44.49924 100.4922 -76.14402
v -41.05709 100.4922 -72.51759
v -47.48026 100.5133 -73.31313
v -44.03564 100.5133 -69.68905
v -50.45114 100.5349 -70.48687
v -47.00257 100.5349 -66.86655
v -53.40707 100.5568 -67.66747
v -49.95302 100.5568 -64.05238
v -56.34329 100.5792 -64.85717
v -52.88221 100.5792 -61.24883
v -59.25502 100.6018 -62.05818
v -55.7853 100.6018 -58.45815
v -62.13765 100.6247 -59.27256
v -58.65731 100.6247 -55.68279
v -65.1431 100.6491 -56.34959
v -61.65034 100.6491 -52.77192
v -68.10523 100.6738 -53.44657
v -64.59771 100.6738 -49.88337
v -71.01828 100.6986 -50.56619
v -67.49388 100.6986 -47.0197
v -73.87698 100.7235 -47.71075
v -70.33289 100.7235 -44.18394
v -76.82046 100.7498 -44.73557
v -73.25411 100.7498 -41.23126
v -79.69102 100.7762 -41.79377
v -76.09904 100.7762 -38.31576
v -82.48236 100.8025 -38.88808
v -78.86082 100.8025 -35.44086
v -85.31975 100.83 -35.88036
v -81.66507 100.83 -32.4683
v -88.05571 100.8574 -32.91835
v -84.36203 100.8574 -29.54855
v -90.80374 100.8858 -29.86921
v -87.06517 100.8858 -26.54928
v -93.53879 100.9152 -26.74369
v -89.7473 100.9152 -23.48435
v -96.23222 100.9454 -23.55419
v -92.37816 100.9454 -20.36909
v -98.852 100.9762 -20.31418
v -94.92371 100.9762 -17.2211
v -101.3633 101.0075 -17.03689
v -97.34486 101.0075 -14.06192
v -103.7976 101.0402 -13.63373
v -99.68871 101.0402 -10.78492
v -105.4319 101.0637 -11.16805
v -101.2243 101.0637 -8.467335
v -107.6757 101.1004 -7.593853
v -103.42 101.1004 -4.969505
v -109.7794 101.1397 -4.118104
v -105.4772 101.1397 -1.57081
v -111.8891 101.1846 -0.4774168
v -107.5341 101.1846 1.97848
v -113.9684 101.2355 3.310558
v -109.5541 101.2355 5.657932
v -115.8616 101.2887 6.994061
v -111.3789 101.2887 9.20767
v -117.6703 101.3475 10.80857
v -113.1121 101.3475 12.86212
v -119.3517 101.4118 14.74282
v -114.7095 101.4118 16.59851
v -120.8578 101.4814 18.78547
v -116.1252 101.4814 20.39638
v -122.1358 101.5557 22.92734
v -117.3109 101.5557 24.23601
v -123.1272 101.6339 27.16135
v -118.2169 101.6339 28.09937
v -123.7668 101.7149 31.4817
v -118.7918 101.7149 31.97174
v -123.9825 101.7975 35.87588
v -118.9835 101.7975 35.85079
v -123.7195 101.8763 40.16181
v -118.7576 101.8763 39.55323
v -122.9229 101.9534 44.5031
v -118.0721 101.9534 43.29412
v -121.5875 102.0236 48.71627
v -116.9203 102.0236 46.92452
v -119.801 102.0828 52.63995
v -115.3752 102.0828 50.31441
v -117.5317 102.1331 56.44343
v -113.3699 102.1331 53.67272
v -114.912 102.1714 59.98917
v -111.0193 102.1714 56.85155
v -112.0396 102.1982 63.26693
v -108.3405 102.1982 59.90303
v -110.4255 102.2074 64.91778
v -107.005 102.2074 61.27083
v -107.3013 102.2192 67.71526
v -104.1129 102.2192 63.86383
v -103.9751 102.2257 70.25658
v -101.0546 102.2257 66.19816
v -100.5359 102.2285 72.58678
v -97.82506 102.2285 68.38546
v -96.93337 102.2282 74.80166
v -94.39251 102.2282 70.49538
v -93.22253 102.2254 76.90272
v -90.82475 102.2254 72.51516
v -89.45448 102.2204 78.88931
v -87.17886 102.2204 74.43717
v -85.67451 102.2136 80.76104
v -83.50451 102.2136 76.25648
v -81.9212 102.2054 82.51849
v -79.84583 102.2054 77.96957
v -78.03506 102.1955 84.24654
v -76.04327 102.1955 79.66041
v -74.22829 102.1845 85.85962
v -72.3149 102.1845 81.24023
v -70.32524 102.1721 87.44011
v -68.48224 102.1721 82.79219
v -66.54565 102.1591 88.90598
v -64.76989 102.1591 84.23196
v -62.69908 102.1449 90.33747
v -60.98629 102.1449 85.64002
v -58.79454 102.1294 91.73222
v -57.14279 102.1294 87.01296
v -54.84195 102.1129 93.08749
v -53.24979 102.1129 88.34781
v -50.85118 102.0952 94.40055
v -49.31763 102.0952 89.64158
v -46.83227 102.0765 95.66856
v -45.35675 102.0765 90.89129
v -42.79521 102.0567 96.88874
v -41.37753 102.0567 92.09399
v -38.74994 102.036 98.05828
v -37.39035 102.036 93.24674
v -34.70642 102.0143 99.17436
v -33.40559 102.0143 94.34662
v -30.67462 101.9916 100.2342
v -29.43363 101.9916 95.3907
v -26.66447 101.9681 101.2349
v -25.4849 101.9681 96.37608
v -22.68498 101.9438 102.1738
v -21.57072 101.9438 97.29962
v -18.53143 101.9172 103.0941
v -17.4853 101.9172 98.20485
v -14.43475 101.8897 103.939
v -13.46225 101.8897 99.03461
v -10.4063 101.8614 104.7051
v -9.514162 101.8614 99.78551
v -6.255462 101.8308 105.4222
v -5.449639 101.8308 100.4877
v -2.204992 101.7994 106.0443
v -1.497815 101.7994 101.0947
v 1.922018 101.7656 106.5904
v 2.517742 101.7656 101.6262
v 6.092506 101.7293 107.0398
v 6.557391 101.7293 102.0617
v 10.24675 101.6906 107.368
v 10.59648 101.6906 102.3805
v 12.4712 101.669 107.4868
v 12.68667 101.669 102.4917
v 16.61789 101.6229 107.6435
v 16.77552 101.6229 102.6463
v 20.79081 101.5692 107.7491
v 20.88211 101.5692 102.7504
v 24.98198 101.5087 107.7961
v 24.99872 101.5087 102.7967
v 29.18372 101.4422 107.777
v 29.11732 101.4422 102.7781
v 33.38837 101.3703 107.6842
v 33.22989 101.3703 102.6876
v 37.58828 101.2939 107.5102
v 37.32834 101.2939 102.5179
v 41.77584 101.2137 107.2473
v 41.40461 101.2137 102.2621
v 45.94347 101.1305 106.8878
v 45.45057 101.1305 101.9133
v 50.08354 101.0451 106.424
v 49.45813 101.0451 101.4644
v 54.18843 100.9583 105.8479
v 53.41917 100.9583 100.9086
v 58.25055 100.8708 105.1518
v 57.32561 100.8708 100.2393
v 62.26455 100.7834 104.327
v 61.16708 100.7834 99.45016
v 66.42208 100.6923 103.3126
v 65.139 100.6923 98.48127
v 70.50819 100.603 102.1373
v 69.02122 100.603 97.36474
v 74.51133 100.5165 100.7919
v 72.807 100.5165 96.09253
v 78.42202 100.4337 99.26685
v 76.48762 100.4337 94.65726
v 82.23037 100.3553 97.55229
v 80.05453 100.3553 93.05151
v 85.92624 100.2825 95.63863
v 83.49963 100.2825 91.26781
v 89.4991 100.2159 93.51638
v 86.81511 100.2159 89.29856
v 92.93803 100.1566 91.1763
v 89.99356 100.1566 87.13583
v 96.2318 100.1054 88.60957
v 93.02791 100.1054 84.77138
v 99.36892 100.0633 85.80787
v 95.91131 100.0633 82.19639
v 102.3378 100.0311 82.76346
v 98.63699 100.0311 79.4015
v 105.1243 100.0096 79.47269
v 101.2009 100.0096 76.37323
v 107.5831 100.0002 76.12689
v 103.4895 100.0002 73.25597
v 109.1225 100 73.76785
v 104.8356 100 71.19442
v 111.2161 100.0105 70.0788
v 106.7864 100.0105 67.75999
v 113.0279 100.0322 66.30572
v 108.4621 100.0322 64.26792
v 114.6359 100.0633 62.42063
v 109.9736 100.0633 60.61493
v 116.065 100.1017 58.46629
v 111.3314 100.1017 56.85678
v 117.3353 100.1458 54.48353
v 112.5484 100.1458 53.04056
v 118.4645 100.194 50.50727
v 113.6363 100.194 49.20941
v 119.5128 100.2477 46.38391
v 114.653 100.2477 45.21032
v 120.4426 100.3036 42.31673
v 115.5576 100.3036 41.25266
v 121.2665 100.3606 38.33356
v 116.3615 100.3606 37.3663
v 122.0325 100.4208 34.25444
v 117.1114 100.4208 33.37308
v 122.7433 100.4839 30.0877
v 117.8091 100.4839 29.28293
v 123.3701 100.5462 26.05346
v 118.425 100.5462 25.31887
v 123.9514 100.6103 21.95572
v 118.9973 100.6103 21.28391
v 124.4893 100.6761 17.80112
v 119.5277 100.6761 17.18711
v 124.9857 100.7431 13.59793
v 120.0181 100.7431 13.03586
v 125.4199 100.8074 9.576143
v 120.447 100.8074 9.062077
v 125.8204 100.8722 5.524221
v 120.8432 100.8722 5.053339
v 126.1889 100.9373 1.448001
v 121.2081 100.9373 1.017125
v 126.5272 101.0023 -2.645954
v 121.5433 101.0023 -3.03978
v 126.8368 101.067 -6.751096
v 121.8504 101.067 -7.110644
v 127.1195 101.1311 -10.86083
v 122.1309 101.1311 -11.18869
v 127.3769 101.1943 -14.96857
v 122.3864 101.1943 -15.2672
v 127.6106 101.2563 -19.06773
v 122.6186 101.2563 -19.33946
v 127.8224 101.3168 -23.15169
v 122.829 101.3168 -23.39873
v 128.0137 101.3756 -27.21382
v 123.0192 101.3756 -27.43831
v 128.1863 101.4323 -31.24778
v 123.1909 101.4323 -31.45126
v 128.3499 101.4897 -35.46709
v 123.3538 101.4897 -35.6517
v 128.4964 101.5442 -39.63977
v 123.4996 101.5442 -39.80717
v 128.6277 101.5953 -43.75775
v 123.6304 101.5953 -43.9101
v 128.7457 101.6429 -47.81327
v 123.7479 101.6429 -47.95251
v 128.8575 101.6888 -52.0057
v 123.8595 101.6888 -52.13419
v 128.959 101.7299 -56.11109
v 123.9607 101.7299 -56.23105
v 129.0524 101.7659 -60.12012
v 124.0538 101.7659 -60.23415
v 129.144 101.7977 -64.21564
v 124.1453 101.7977 -64.32671
v 129.2357 101.824 -68.36965
v 124.237 101.824 -68.48121
v 129.326 101.8427 -72.37165
v 124.3274 101.8427 -72.48797
v 129.4221 101.8533 -76.38109
v 124.4237 101.8533 -76.50447
v 129.4836 101.8552 -78.75648
v 124.4846 101.8552 -78.85713
v 129.5538 101.849 -82.93024
v 124.5539 101.849 -82.96191
v 129.5368 101.8295 -87.21205
v 124.5375 101.8295 -87.13953
v 129.4315 101.7979 -91.35033
v 124.435 101.7979 -91.16772
v 129.2313 101.7523 -95.56822
v 124.2402 101.7523 -95.27682
v 128.9467 101.6953 -99.65002
v 123.9636 101.6953 -99.24667
v 128.5643 101.6245 -103.8072
v 123.5913 101.6245 -103.2963
v 128.1048 101.5439 -107.8412
v 123.1443 101.5439 -107.2237
v 127.5497 101.4502 -111.9548
v 122.6026 101.4502 -111.239
v 126.9293 101.3488 -115.9644
v 121.9968 101.3488 -115.1568
v 126.2212 101.2361 -120.0675
v 121.3024 101.2361 -119.1812
v 125.4645 101.1186 -124.0932
v 120.5581 101.1186 -123.1415
v 124.6708 100.9982 -128.0604
v 119.7743 100.9982 -127.0595
v 123.8143 100.8711 -132.1658
v 118.9242 100.8711 -131.1342
v 122.9429 100.7451 -136.252
v 118.0552 100.7451 -135.2088
v 122.1073 100.6273 -140.1637
v 117.2179 100.6273 -139.1281
v 121.281 100.5142 -144.0992
v 116.3859 100.5142 -143.0895
v 120.4748 100.4076 -148.0793
v 115.5707 100.4076 -147.1127
v 119.6993 100.3093 -152.1258
v 114.7839 100.3093 -151.2169
v 118.998 100.2251 -156.0674
v 114.0695 100.2251 -155.2301
v 118.3434 100.1517 -160.1082
v 113.4018 100.1517 -159.3507
v 117.7726 100.0935 -164.0622
v 112.8179 100.0935 -163.3941
v 117.2607 100.0481 -168.1398
v 112.2941 100.0481 -167.5641
v 116.8367 100.018 -172.1381
v 111.8597 100.018 -171.6606
v 116.4799 100.0019 -176.2797
v 111.4949 100.0019 -175.8933
v 116.2401 100 -179.8355
v 111.2493 100 -179.5324
v 116.0221 100.0108 -183.8225
v 111.0285 100.0108 -183.571
v 115.8305 100.0362 -187.9668
v 110.8351 100.0362 -187.7564
v 115.6735 100.0747 -192.0967
v 110.6767 100.0747 -191.926
v 115.5484 100.1253 -196.2206
v 110.5506 100.1253 -196.087
v 115.4528 100.1869 -200.3464
v 110.4545 100.1869 -200.2472
v 115.3843 100.2584 -204.4821
v 110.3856 100.2584 -204.4143
v 115.3402 100.3386 -208.6359
v 110.3414 100.3386 -208.5958
v 115.3187 100.4227 -212.6401
v 110.3199 100.4227 -212.6246
v 115.3152 100.5129 -216.6751
v 110.3165 100.5129 -216.6806
v 115.3275 100.6081 -220.7477
v 110.3289 100.6081 -220.7711
v 115.3534 100.7075 -224.8646
v 110.355 100.7075 -224.9028
v 115.3907 100.8099 -229.033
v 110.3924 100.8099 -229.0827
v 115.435 100.91 -233.0742
v 110.4369 100.91 -233.1326
v 115.4858 101.0112 -237.1748
v 110.4877 101.0112 -237.2389
v 115.5411 101.1126 -241.3406
v 110.543 101.1126 -241.4079
v 115.5963 101.2089 -245.3834
v 110.5982 101.2089 -245.4514
v 115.6522 101.3039 -249.4963
v 110.6539 101.3039 -249.5629
v 115.707 101.397 -253.6845
v 110.7086 101.397 -253.7477
v 115.7567 101.483 -257.748
v 110.7581 101.483 -257.8062
v 115.8025 101.5658 -261.889
v 110.8037 101.5658 -261.9406
v 115.841 101.6411 -265.8989
v 110.842 101.6411 -265.9425
v 115.8733 101.7123 -269.9866
v 110.8741 101.7123 -270.0211
v 115.8982 101.7791 -274.1558
v 110.8988 101.7791 -274.1805
v 115.9138 101.8376 -278.1847
v 110.9143 101.8376 -278.1984
v 115.9205 101.8912 -282.2935
v 110.9209 101.8912 -282.2957
v 115.9174 101.9393 -286.4854
v 110.9177 101.9393 -286.4755
v 115.9044 101.9792 -290.5242
v 110.9046 101.9792 -290.5016
v 115.8806 102.0134 -294.6429
v 110.8809 102.0134 -294.6073
v 115.8452 102.0416 -298.8441
v 110.8456 102.0416 -298.7954
v 115.8006 102.0621 -302.8766
v 110.801 102.0621 -302.8144
v 115.744 102.0766 -306.9869
v 110.7446 102.0766 -306.9112
v 115.675 102.0847 -311.1765
v 110.6757 102.0847 -311.0892
v 115.6191 102.0864 -314.1408
v 110.62 102.0864 -314.0465
v 115.5429 102.0833 -318.1749
v 110.5437 102.0833 -318.0849
v 115.4722 102.0744 -322.2995
v 110.4729 102.0744 -322.2175
v 115.4089 102.0606 -326.3432
v 110.4095 102.0606 -326.2682
v 115.3495 102.0418 -330.4667
v 110.3501 102.0418 -330.3973
v 115.2959 102.0194 -334.4899
v 110.2964 102.0194 -334.4254
v 115.2448 101.9929 -338.5807
v 110.2453 101.9929 -338.5202
v 115.196 101.9626 -342.7365
v 110.1965 101.9626 -342.6792
v 115.1509 101.9301 -346.7697
v 110.1514 101.9301 -346.715
v 115.1071 101.8944 -350.8575
v 110.1076 101.8944 -350.8047
v 115.064 101.8558 -354.9976
v 110.0645 101.8558 -354.9462
v 115.0213 101.8144 -359.1877
v 110.0218 101.8144 -359.137
v 114.9806 101.7724 -363.2317
v 109.9811 101.7724 -363.1814
v 114.9394 101.7282 -367.3171
v 109.94 101.7282 -367.2665
v 114.8976 101.6819 -371.4418
v 109.8982 101.6819 -371.3907
v 114.8547 101.6338 -375.6039
v 109.8553 101.6338 -375.5517
v 114.8103 101.5839 -379.8012
v 109.811 101.5839 -379.7476
v 114.7664 101.5349 -383.8297
v 109.7671 101.5349 -383.7742
v 114.7206 101.4847 -387.8866
v 109.7214 101.4847 -387.829
v 114.6726 101.4333 -391.9702
v 109.6734 101.4333 -391.9101
v 114.6221 101.3809 -396.0788
v 109.6229 101.3809 -396.0158
v 114.5687 101.3276 -400.2107
v 109.5695 101.3276 -400.1444
v 114.5122 101.2736 -404.364
v 109.5131 101.2736 -404.2941
v 114.4522 101.2191 -408.5371
v 109.4532 101.2191 -408.4632
v 114.3885 101.1641 -412.7282
v 109.3896 101.1641 -412.65
v 114.3208 101.1087 -416.9356
v 109.3219 101.1087 -416.8528
v 114.2524 101.056 -420.9461
v 109.2536 101.056 -420.8584
v 114.1798 101.0033 -424.9682
v 109.1811 101.0033 -424.8754
v 114.1028 100.9506 -429.0004
v 109.1042 100.9506 -428.9021
v 114.021 100.8982 -433.0412
v 109.0225 100.8982 -432.9371
v 113.9343 100.8461 -437.0892
v 108.936 100.8461 -436.979
v 113.8424 100.7944 -441.1429
v 108.8442 100.7944 -441.0262
v 113.7449 100.7434 -445.2008
v 108.7469 100.7434 -445.0772
v 113.6417 100.693 -449.2614
v 108.6438 100.693 -449.1307
v 113.5325 100.6434 -453.3232
v 108.5348 100.6434 -453.1849
v 113.417 100.5947 -457.3848
v 108.4195 100.5947 -457.2386
v 113.295 100.5471 -461.4446
v 108.2977 100.5471 -461.2901
v 113.1661 100.5007 -465.5012
v 108.1691 100.5007 -465.338
v 113.0302 100.4555 -469.553
v 108.0335 100.4555 -469.3807
v 112.8869 100.4118 -473.5986
v 107.8905 100.4118 -473.4169
v 112.7361 100.3696 -477.6366
v 107.74 100.3696 -477.4449
v 112.5774 100.329 -481.6654
v 107.5817 100.329 -481.4633
v 112.4106 100.2902 -485.6836
v 107.4153 100.2902 -485.4706
v 112.2354 100.2533 -489.6897
v 107.2406 100.2533 -489.4651
v 112.0416 100.2167 -493.8917
v 107.0474 100.2167 -493.6551
v 111.838 100.1823 -498.0769
v 106.8443 100.1823 -497.8273
v 111.6241 100.1505 -502.2437
v 106.6312 100.1505 -501.9805
v 111.3998 100.1214 -506.3901
v 106.4076 100.1214 -506.1128
v 111.1646 100.095 -510.5147
v 106.1733 100.095 -510.2226
v 110.9184 100.0716 -514.6155
v 105.9279 100.0716 -514.3079
v 110.6607 100.0512 -518.6908
v 105.6712 100.0512 -518.3671
v 110.3913 100.034 -522.7389
v 105.4029 100.034 -522.3983
v 110.1098 100.0202 -526.7585
v 105.1227 100.0202 -526.3997
v 109.801 100.0094 -530.9455
v 104.8153 100.0094 -530.5678
v 109.4782 100.0026 -535.0977
v 104.4941 100.0026 -534.6985
v 109.0989 100 -539.7104
v 104.1169 100 -539.2866
v 108.7375 100.0021 -543.8047
v 103.7585 100.0021 -543.3477
v 108.3474 100.0083 -547.8975
v 103.3716 100.0083 -547.4064
v 107.9299 100.0184 -551.9876
v 102.9574 100.0184 -551.4639
v 107.4862 100.0322 -556.0748
v 102.5171 100.0322 -555.52
v 107.0176 100.0496 -560.1591
v 102.0519 100.0496 -559.5746
v 106.5252 100.0705 -564.2402
v 101.5629 100.0705 -563.6275
v 106.0102 100.0946 -568.3179
v 101.0514 100.0946 -567.6784
v 105.4739 100.1218 -572.3922
v 100.5184 100.1218 -571.7274
v 104.9174 100.152 -576.4629
v 99.96525 100.152 -575.7742
v 104.342 100.1851 -580.5298
v 99.39307 100.1851 -579.8185
v 103.7489 100.2207 -584.5928
v 98.80305 100.2207 -583.8604
v 103.1393 100.2589 -588.6517
v 98.19639 100.2589 -587.8997
v 102.5143 100.2995 -592.7064
v 97.57427 100.2995 -591.9359
v 101.8752 100.3423 -596.7567
v 96.93786 100.3423 -595.9693
v 101.2232 100.3871 -600.8024
v 96.28838 100.3871 -599.9996
v 100.5594 100.4338 -604.8434
v 95.62699 100.4338 -604.0264
v 99.8852 100.4823 -608.8797
v 94.9549 100.4823 -608.0499
v 99.20162 100.5323 -612.9109
v 94.27328 100.5323 -612.0697
v 98.50994 100.5838 -616.937
v 93.58334 100.5838 -616.0858
v 97.81135 100.6365 -620.9576
v 92.88627 100.6365 -620.0979
v 97.10703 100.6904 -624.973
v 92.18324 100.6904 -624.1059
v 96.39821 100.7452 -628.9827
v 91.47546 100.7452 -628.1097
v 95.68604 100.8009 -632.9865
v 90.76411 100.8009 -632.1091
v 94.97178 100.8573 -636.9844
v 90.05041 100.8573 -636.1039
v 94.25658 100.9141 -640.9763
v 89.33553 100.9141 -640.0941
v 93.54163 100.9713 -644.962
v 88.62064 100.9713 -644.0795
v 92.82816 101.0287 -648.9412
v 87.90699 101.0287 -648.0598
v 92.11733 101.0862 -652.9139
v 87.19572 101.0862 -652.0349
v 91.41039 101.1435 -656.8798
v 86.48807 101.1435 -656.0047
v 90.70849 101.2006 -660.8388
v 85.78522 101.2006 -659.9691
v 90.01283 101.2573 -664.7908
v 85.08837 101.2573 -663.9278
v 89.3246 101.3134 -668.7356
v 84.3987 101.3134 -667.8809
v 88.64502 101.3688 -672.673
v 83.71741 101.3688 -671.8282
v 87.942 101.426 -676.7993
v 83.01242 101.426 -675.9658
v 87.25123 101.4821 -680.9171
v 82.31939 101.4821 -680.097
v 86.57404 101.5369 -685.0261
v 81.63971 101.5369 -684.221
v 85.9118 101.5902 -689.1264
v 80.97475 101.5902 -688.338
v 85.2659 101.6418 -693.2175
v 80.32594 101.6418 -692.4474
v 84.63771 101.6915 -697.2994
v 79.69464 101.6915 -696.5494
v 84.02861 101.7392 -701.3719
v 79.08224 101.7392 -700.6437
v 83.43997 101.7847 -705.4348
v 78.49017 101.7847 -704.7301
v 82.87318 101.8279 -709.4879
v 77.91981 101.8279 -708.8085
v 82.32956 101.8684 -713.5309
v 77.37253 101.8684 -712.8787
v 81.81053 101.9062 -717.5637
v 76.84973 101.9062 -716.9404
v 81.31744 101.9411 -721.5862
v 76.35284 101.9411 -720.9937
v 80.85167 101.9729 -725.5981
v 75.88326 101.9729 -725.0383
v 80.41457 102.0014 -729.5993
v 75.44234 102.0014 -729.074
v 80.00751 102.0265 -733.5895
v 75.03155 102.0265 -733.1007
v 79.63186 102.0479 -737.5684
v 74.65223 102.0479 -737.1181
v 79.289 102.0655 -741.5356
v 74.30579 102.0655 -741.1268
v 78.96638 102.0797 -745.6802
v 73.97976 102.0797 -745.315
v 78.68246 102.0893 -749.8166
v 73.69328 102.0893 -749.4881
v 78.53574 102.0927 -752.2201
v 73.54369 102.0927 -751.9384
v 78.32072 102.0953 -756.2272
v 73.32678 102.0953 -755.981
v 78.13884 102.0945 -760.2717
v 73.14301 102.0945 -760.0676
v 77.98872 102.0906 -764.3547
v 72.99142 102.0906 -764.1904
v 77.86924 102.0835 -768.4734
v 72.87086 102.0835 -768.3469
v 77.77925 102.0735 -772.6245
v 72.78009 102.0735 -772.5336
v 77.71762 102.0607 -776.8049
v 72.71797 102.0607 -776.7476
v 77.68319 102.0451 -781.0118
v 72.6833 102.0451 -780.9857
v 77.67465 102.0279 -785.0177
v 72.6747 102.0279 -785.021
v 77.68854 102.0085 -789.0418
v 72.68869 102.0085 -789.0723
v 77.72385 101.9869 -793.0815
v 72.72425 101.9869 -793.1378
v 77.77965 101.9633 -797.1338
v 72.7804 101.9633 -797.2146
v 77.85493 101.9377 -801.196
v 72.85612 101.9377 -801.3
v 77.94875 101.9103 -805.2658
v 72.95045 101.9103 -805.3917
v 78.06008 101.8811 -809.3401
v 73.06237 101.8811 -809.4869
v 78.18797 101.8503 -813.4168
v 73.19088 101.8503 -813.5831
v 78.33141 101.8179 -817.4928
v 73.335 101.8179 -817.6776
v 78.48947 101.784 -821.5656
v 73.49374 101.784 -821.768
v 78.66111 101.7488 -825.6327
v 73.6661 101.7488 -825.8514
v 78.84538 101.7123 -829.6912
v 73.85107 101.7123 -829.9255
v 79.0413 101.6747 -833.7387
v 74.04771 101.6747 -833.9874
v 79.24784 101.636 -837.7724
v 74.25495 101.636 -838.0346
v 79.46407 101.5963 -841.7898
v 74.47187 101.5963 -842.0646
v 79.68899 101.5558 -845.7881
v 74.69747 101.5558 -846.0747
v 79.93474 101.5121 -849.9853
v 74.94388 101.5121 -850.2829
v 80.18791 101.4678 -854.1553
v 75.19769 101.4678 -854.4632
v 80.44734 101.4228 -858.295
v 75.4577 101.4228 -858.6121
v 80.71188 101.3773 -862.4012
v 75.72277 101.3773 -862.7264
v 80.98035 101.3315 -866.471
v 75.99173 101.3315 -866.8034
v 81.2516 101.2853 -870.5014
v 76.26341 101.2853 -870.84
v 81.53889 101.2366 -874.6979
v 76.55106 101.2366 -875.0416
v 81.82661 101.1878 -878.8437
v 76.83908 101.1878 -879.1916
v 82.11344 101.1392 -882.9352
v 77.12612 101.1392 -883.2859
v 82.39802 101.0907 -886.9688
v 77.4108 101.0907 -887.321
v 82.69292 101.0403 -891.1379
v 77.70572 101.0403 -891.4904
v 82.98228 100.9904 -895.235
v 77.995 100.9904 -895.5862
v 83.26455 100.9412 -899.2565
v 78.27705 100.9412 -899.6046
v 83.55092 100.8906 -903.3832
v 78.56308 100.8906 -903.7263
v 83.82598 100.8412 -907.4175
v 78.83765 100.8412 -907.7534
v 84.09948 100.7909 -911.5309
v 79.1105 100.7909 -911.8571
v 84.3566 100.7423 -915.5328
v 79.36679 100.7423 -915.8462
v 84.60517 100.6936 -919.5839
v 79.61436 100.6936 -919.8808
v 84.8402 100.6452 -923.6618
v 79.84817 100.6452 -923.9377
v 85.05595 100.5978 -927.7421
v 80.06248 100.5978 -927.9911
v 85.24587 100.552 -931.7983
v 80.25077 100.552 -932.0125
v 85.40729 100.5071 -935.9391
v 80.41045 100.5071 -936.1088
v 85.5235 100.4657 -939.978
v 80.52501 100.4657 -940.0902
v 85.58367 100.4294 -943.7981
v 80.58436 100.4294 -943.8663
v 85.63715 100.3878 -948.2941
v 80.63799 100.3878 -948.3724
v 85.71723 100.3486 -952.3379
v 80.71891 100.3486 -952.4575
v 85.83104 100.3075 -956.3977
v 80.83398 100.3075 -956.5612
v 85.99104 100.2614 -960.7091
v 80.99567 100.2614 -960.917
v 86.18764 100.2125 -964.9677
v 81.19392 100.2125 -965.211
v 86.4017 100.1602 -969.1379
v 81.40696 100.1602 -969.3571
v 86.54925 100.1018 -973.4368
v 81.55517 100.1018 -973.2065
v 85.78411 100.0342 -978.3813
v 81.28265 100.0342 -976.2059
v 82.39086 100.0004 -982.0966
v 79.01434 100.0004 -978.4089
v 79.27581 100 -984.5431
v 76.49284 100 -980.3892
v 75.36725 100.0159 -986.7941
v 73.31754 100.0159 -982.2336
v 71.07935 100.0458 -988.2336
v 69.74623 100.0458 -983.4148
v 66.94395 100.0814 -989.1448
v 66.03101 100.0814 -984.229
v 62.75505 100.1215 -989.7853
v 62.10917 100.1215 -984.8275
v 58.62492 100.1638 -990.2303
v 58.17017 100.1638 -985.2513
v 54.41278 100.2089 -990.5481
v 54.09605 100.2089 -985.5585
v 50.1987 100.2555 -990.7656
v 49.98347 100.2555 -985.7706
v 46.06747 100.3022 -990.908
v 45.92432 100.3022 -985.9103
v 41.88296 100.3503 -991.004
v 41.78155 100.3503 -986.0053
v 37.79176 100.3978 -991.0759
v 37.69518 100.3978 -986.0771
v 33.78888 100.4442 -991.1603
v 33.68345 100.4442 -986.1618
v 28.27898 100.508 -991.2766
v 28.17355 100.508 -986.278

vn 0.002240375 0.9999975 0.0001053495
vn 0.002244101 0.9999974 0.0001055256
vn 0.002240378 0.9999974 0.0001053471
vn 0.002240239 0.9999975 0.0001112813
vn 0.002194256 0.9999976 0.0001146643
vn 0.002131484 0.9999977 0.0001267534
vn 0.002050316 0.999998 0.0001314862
vn 0.002003326 0.999998 0.0001446136
vn 0.001949486 0.9999982 0.0001473911
vn 0.001914666 0.9999982 0.0001564488
vn 0.001869873 0.9999982 0.00015783
vn 0.001839948 0.9999983 0.0001640774
vn 0.001804612 0.9999984 0.000164708
vn 0.001783594 0.9999984 0.0001695447
vn 0.001756221 0.9999985 0.0001699087
vn 0.001737859 0.9999985 0.0001734535
vn 0.001714885 0.9999985 0.0001735055
vn 0.001700802 0.9999986 0.0001762851
vn 0.001681339 0.9999986 0.0001761175
vn 0.001668369 0.9999986 0.0001781173
vn 0.001652587 0.9999986 0.0001779586
vn 0.001643951 0.9999986 0.0001797237
vn 0.001632339 0.9999986 0.0001796289
vn 0.001624294 0.9999986 0.000180922
vn 0.001614265 0.9999987 0.0001808028
vn 0.001608583 0.9999987 0.0001818987
vn 0.001601391 0.9999986 0.0001818245
vn 0.001596688 0.9999987 0.0001826342
vn 0.001590119 0.9999987 0.0001824826
vn 0.001586013 0.9999987 0.0001830408
vn 0.001579746 0.9999987 0.0001827569
vn 0.001575829 0.9999987 0.0001830504
vn 0.001572826 0.9999987 0.0001830051
vn 0.001572465 0.9999987 0.0001834727
vn 0.00157167 0.9999987 0.0001835833
vn 0.001570452 0.9999987 0.0001837379
vn 0.001568972 0.9999987 0.0001836617
vn 0.001568317 0.9999987 0.0001836801
vn 0.001567319 0.9999987 0.0001835617
vn 0.001566952 0.9999987 0.0001834301
vn 0.001567973 0.9999988 0.0001834597
vn 0.001569683 0.9999987 0.0001834177
vn 0.001571637 0.9999988 0.0001834926
vn 0.001572526 0.9999986 0.0001832018
vn 0.001575022 0.9999988 0.0001832514
vn 0.001577551 0.9999987 0.000182984
vn 0.001582372 0.9999987 0.0001832223
vn 0.001585859 0.9999987 0.0001829403
vn 0.001589229 0.9999987 0.0001829722
vn 0.001590624 0.9999987 0.0001823283
vn 0.001594678 0.9999987 0.0001823419
vn 0.00159903 0.9999986 0.0001818875
vn 0.001604786 0.9999987 0.0001820323
vn 0.001608209 0.9999986 0.0001813467
vn 0.001614372 0.9999987 0.0001814769
vn 0.001619337 0.9999986 0.0001808513
vn 0.00162529 0.9999986 0.0001808973
vn 0.001628745 0.9999986 0.0001799667
vn 0.001635729 0.9999986 0.0001800405
vn 0.00164196 0.9999986 0.0001792565
vn 0.001649942 0.9999986 0.0001793552
vn 0.001654689 0.9999986 0.0001782536
vn 0.001663687 0.9999986 0.0001783757
vn 0.001671163 0.9999986 0.0001774299
vn 0.001680551 0.9999986 0.0001775255
vn 0.001685944 0.9999985 0.0001762192
vn 0.00169577 0.9999985 0.0001762687
vn 0.001703889 0.9999985 0.0001751041
vn 0.001713946 0.9999986 0.0001751262
vn 0.001720052 0.9999986 0.0001736195
vn 0.001730271 0.9999986 0.0001735264
vn 0.001738488 0.9999985 0.0001721097
vn 0.001749381 0.9999985 0.0001720475
vn 0.001756644 0.9999984 0.0001704051
vn 0.001768563 0.9999984 0.0001703415
vn 0.001778054 0.9999984 0.0001687347
vn 0.001790991 0.9999984 0.0001686585
vn 0.001799588 0.9999984 0.0001667784
vn 0.001811674 0.9999983 0.0001665111
vn 0.001820623 0.9999983 0.0001644841
vn 0.00183374 0.9999983 0.0001642032
vn 0.001843698 0.9999983 0.0001620654
vn 0.001858496 0.9999983 0.0001617976
vn 0.001869468 0.9999983 0.0001595298
vn 0.001883459 0.9999983 0.0001590677
vn 0.001892991 0.9999983 0.000156456
vn 0.001908078 0.9999982 0.0001559364
vn 0.001920529 0.9999982 0.0001533244
vn 0.001936671 0.9999982 0.0001527459
vn 0.00194768 0.9999981 0.0001497629
vn 0.00196555 0.999998 0.0001491444
vn 0.001980182 0.9999981 0.0001461549
vn 0.001997299 0.999998 0.0001453099
vn 0.002008012 0.999998 0.0001417591
vn 0.002025 0.9999979 0.0001407302
vn 0.002040002 0.9999979 0.0001371829
vn 0.002060005 0.9999979 0.0001361577
vn 0.002074357 0.9999979 0.0001321451
vn 0.002094034 0.9999979 0.0001307491
vn 0.002108824 0.9999978 0.0001263123
vn 0.002129058 0.9999977 0.0001248084
vn 0.002145397 0.9999977 0.0001199753
vn 0.002169534 0.9999977 0.0001182901
vn 0.002188452 0.9999976 0.0001130617
vn 0.002212672 0.9999976 0.000111081
vn 0.002229949 0.9999975 0.0001052683
vn 0.002254303 0.9999974 0.0001029595
vn 0.002274194 0.9999974 9.673491E-05
vn 0.002299315 0.9999974 9.412017E-05
vn 0.002318256 0.9999973 8.727398E-05
vn 0.002344196 0.9999973 8.429982E-05
vn 0.002365878 0.9999972 7.693912E-05
vn 0.00239636 0.9999971 7.371831E-05
vn 0.002420899 0.999997 6.577291E-05
vn 0.002450414 0.999997 6.208043E-05
vn 0.002472271 0.9999969 5.331072E-05
vn 0.002500715 0.9999968 4.908451E-05
vn 0.002525688 0.9999968 3.940432E-05
vn 0.002558953 0.9999967 3.446434E-05
vn 0.002586198 0.9999967 2.375023E-05
vn 0.002620052 0.9999966 1.842837E-05
vn 0.00264849 0.9999965 6.528717E-06
vn 0.002684863 0.9999964 2.370477E-07
vn 0.002715548 0.9999964 -1.301596E-05
vn 0.002753024 0.9999962 -2.008905E-05
vn 0.002784734 0.9999961 -3.465264E-05
vn 0.002824591 0.9999959 -4.261481E-05
vn 0.002860108 0.9999958 -5.888993E-05
vn 0.002903671 0.9999958 -6.824145E-05
vn 0.002940482 0.9999956 -8.64451E-05
vn 0.002984805 0.9999955 -9.664644E-05
vn 0.003025431 0.9999955 -0.0001171456
vn 0.003073343 0.9999954 -0.0001291586
vn 0.003116175 0.9999951 -0.0001524845
vn 0.003167651 0.9999951 -0.0001666111
vn 0.003214537 0.9999948 -0.000193029
vn 0.003268139 0.9999946 -0.0002086098
vn 0.003319043 0.9999945 -0.0002386149
vn 0.003376615 0.9999943 -0.0002569802
vn 0.003431442 0.9999942 -0.000291516
vn 0.003493026 0.9999938 -0.0003132024
vn 0.003552388 0.9999936 -0.0003526898
vn 0.003617054 0.9999934 -0.0003768434
vn 0.003683937 0.9999931 -0.0004229106
vn 0.003755901 0.9999928 -0.0004526505
vn 0.003826869 0.9999925 -0.0005062046
vn 0.003899582 0.9999923 -0.0005393434
vn 0.003979501 0.9999919 -0.0006025595
vn 0.004060923 0.9999915 -0.0006436796
vn 0.004147488 0.9999911 -0.00071816
vn 0.00422874 0.9999908 -0.0007641509
vn 0.004324858 0.9999902 -0.0008527947
vn 0.004415004 0.9999898 -0.0009101077
vn 0.004522113 0.9999893 -0.001017489
vn 0.004614585 0.9999887 -0.001084585
vn 0.004732903 0.9999881 -0.001215413
vn 0.004830108 0.9999874 -0.001297048
vn 0.004961986 0.9999866 -0.001459404
vn 0.005061499 0.9999859 -0.001558818
vn 0.005207111 0.9999849 -0.001762058
vn 0.005301605 0.9999843 -0.001881952
vn 0.005459257 0.9999828 -0.002140167
vn 0.00554923 0.999982 -0.002290747
vn 0.005719932 0.9999802 -0.002623632
vn 0.005763809 0.9999794 -0.002788766
vn 0.005934896 0.999977 -0.003268652
vn 0.006018196 0.9999754 -0.003604711
vn 0.006155521 0.9999722 -0.004218666
vn 0.006142959 0.9999713 -0.004427389
vn 0.006221936 0.9999673 -0.005162668
vn 0.006151414 0.9999655 -0.005575048
vn 0.006142091 0.9999607 -0.006401619
vn 0.005937594 0.9999607 -0.006583516
vn 0.005840083 0.999956 -0.007345612
vn 0.00559193 0.9999563 -0.007497818
vn 0.005399046 0.9999515 -0.008224236
vn 0.005105138 0.9999527 -0.008284123
vn 0.00484452 0.9999481 -0.008953098
vn 0.004525683 0.9999497 -0.008945519
vn 0.004217366 0.9999457 -0.009529828
vn 0.00390922 0.9999478 -0.009443082
vn 0.003578248 0.9999442 -0.009943376
vn 0.003281553 0.9999464 -0.009817952
vn 0.002943907 0.9999433 -0.01023484
vn 0.002682829 0.9999458 -0.01006774
vn 0.002352708 0.9999431 -0.01041167
vn 0.002113857 0.9999455 -0.01023097
vn 0.001798981 0.9999432 -0.01051057
vn 0.00159873 0.9999455 -0.01031578
vn 0.00130737 0.9999436 -0.0105386
vn 0.001132899 0.9999459 -0.01034086
vn 0.0008646175 0.9999442 -0.01052405
vn 0.000713461 0.9999464 -0.01032745
vn 0.0004710359 0.9999451 -0.0104729
vn 0.0003487419 0.999947 -0.01028298
vn 0.000128529 0.9999459 -0.01040006
vn 1.932043E-05 0.9999478 -0.01021661
vn -0.0001822326 0.9999467 -0.01031118
vn -0.0002729941 0.9999486 -0.01013665
vn -0.0004545892 0.9999478 -0.01020969
vn -0.0005296895 0.9999493 -0.01004611
vn -0.0006951408 0.9999487 -0.0101053
vn -0.0007624246 0.9999502 -0.009949168
vn -0.0009111824 0.9999496 -0.009996139
vn -0.0009635157 0.999951 -0.009848034
vn -0.001096765 0.9999505 -0.009883251
vn -0.001143943 0.9999518 -0.009743641
vn -0.001265452 0.9999515 -0.0097751
vn -0.001303669 0.9999527 -0.009643734
vn -0.001413334 0.9999523 -0.009663597
vn -0.001446089 0.9999535 -0.009539228
vn -0.001545883 0.9999532 -0.009554483
vn -0.001572371 0.9999542 -0.009439693
vn -0.001663012 0.999954 -0.009451188
vn -0.001686192 0.9999549 -0.009338753
vn -0.001768112 0.9999548 -0.009345509
vn -0.00178614 0.9999558 -0.009239888
vn -0.001860386 0.9999555 -0.009244029
vn -0.001875599 0.9999564 -0.009145579
vn -0.001943553 0.9999563 -0.009146497
vn -0.001955443 0.9999571 -0.009050148
vn -0.002016982 0.9999571 -0.00904575
vn -0.002026891 0.9999579 -0.008956398
vn -0.002083197 0.9999578 -0.008954126
vn -0.002089948 0.9999585 -0.008870436
vn -0.00213972 0.9999585 -0.008862722
vn -0.002144754 0.9999592 -0.008779708
vn -0.002190136 0.9999591 -0.008774156
vn -0.002192719 0.9999597 -0.008696606
vn -0.002232532 0.9999598 -0.008686907
vn -0.00223388 0.9999605 -0.008613704
vn -0.002270553 0.9999604 -0.008605688
vn -0.002270543 0.999961 -0.008535742
vn -0.002302669 0.999961 -0.008523712
vn -0.002300678 0.9999616 -0.008454339
vn -0.002329335 0.9999617 -0.008441743
vn -0.002326521 0.9999623 -0.008376346
vn -0.002351903 0.9999623 -0.00836346
vn -0.002347926 0.9999628 -0.008300811
vn -0.002369905 0.9999629 -0.008286611
vn -0.00236468 0.9999635 -0.008225417
vn -0.002383324 0.9999635 -0.008209805
vn -0.002376994 0.999964 -0.008150829
vn -0.002392771 0.9999641 -0.008135071
vn -0.002385261 0.9999647 -0.008077152
vn -0.002397673 0.9999647 -0.008058967
vn -0.00238928 0.999965 -0.008003157
vn -0.002399259 0.9999652 -0.007986056
vn -0.002390291 0.9999656 -0.007933452
vn -0.002397263 0.9999658 -0.007915139
vn -0.002387157 0.9999662 -0.007863203
vn -0.002391262 0.9999664 -0.007843575
vn -0.002380021 0.9999668 -0.007792212
vn -0.002381264 0.999967 -0.00777141
vn -0.002369183 0.9999674 -0.007721659
vn -0.002367819 0.9999675 -0.007700582
vn -0.002354686 0.9999679 -0.007651601
vn -0.002350388 0.9999681 -0.007628606
vn -0.002336794 0.9999685 -0.007581745
vn -0.002330458 0.9999687 -0.007559818
vn -0.002315977 0.9999691 -0.007514217
vn -0.002306424 0.9999692 -0.007489571
vn -0.002290652 0.9999697 -0.007443324
vn -0.002278489 0.9999699 -0.007417702
vn -0.002261887 0.9999702 -0.007372579
vn -0.00224696 0.9999704 -0.007345947
vn -0.002228711 0.9999709 -0.00729963
vn -0.002210433 0.9999711 -0.007270604
vn -0.002191488 0.9999714 -0.007225622
vn -0.002170159 0.9999718 -0.007195329
vn -0.002149665 0.9999722 -0.007149773
vn -0.002125146 0.9999725 -0.007117707
vn -0.002102923 0.9999728 -0.007070411
vn -0.002074591 0.9999731 -0.007034526
vn -0.002051278 0.9999735 -0.006987826
vn -0.002019933 0.9999738 -0.006952045
vn -0.001994559 0.9999742 -0.006904221
vn -0.00195879 0.9999745 -0.006864064
vn -0.00193249 0.9999748 -0.006816055
vn -0.001892901 0.9999753 -0.006773768
vn -0.001863739 0.9999756 -0.006722125
vn -0.001819271 0.9999761 -0.006674397
vn -0.001788235 0.9999765 -0.006620971
vn -0.001739314 0.9999769 -0.006570369
vn -0.001705529 0.9999772 -0.006514767
vn -0.001651704 0.9999778 -0.006459909
vn -0.00161686 0.9999782 -0.006402938
vn -0.001556805 0.9999786 -0.006341341
vn -0.001516587 0.9999791 -0.006276065
vn -0.001450112 0.9999797 -0.006208024
vn -0.001408385 0.9999802 -0.006139311
vn -0.001334489 0.9999807 -0.006061479
vn -0.001286614 0.9999813 -0.005981694
vn -0.001205611 0.9999819 -0.005895542
vn -0.00115653 0.9999825 -0.005811818
vn -0.001066804 0.9999831 -0.005712719
vn -0.001008527 0.9999838 -0.005605287
vn -0.0009198822 0.9999845 -0.005496386
vn -0.000871559 0.999985 -0.005393058
vn -0.0008075496 0.9999856 -0.005305728
vn -0.0007763201 0.999986 -0.005223677
vn -0.0007412758 0.9999864 -0.00517059
vn -0.0007226209 0.9999867 -0.005103367
vn -0.0006973137 0.9999871 -0.005050475
vn -0.0006778814 0.9999874 -0.004971815
vn -0.0006544628 0.9999877 -0.004919567
vn -0.0006362186 0.9999881 -0.004840154
vn -0.0006149001 0.9999884 -0.004788687
vn -0.0005973945 0.9999887 -0.004705493
vn -0.0005776719 0.999989 -0.004651853
vn -0.0005606054 0.9999895 -0.004563027
vn -0.0005425909 0.9999896 -0.004508342
vn -0.0005262961 0.9999902 -0.004416257
vn -0.0005101189 0.9999904 -0.004361767
vn -0.0004947605 0.9999908 -0.004268319
vn -0.0004803844 0.9999911 -0.004214683
vn -0.0004656733 0.9999914 -0.004117965
vn -0.0004526551 0.9999917 -0.004062491
vn -0.0004382272 0.9999921 -0.003960074
vn -0.0004264601 0.9999923 -0.003902906
vn -0.0004120959 0.9999927 -0.003793684
vn -0.0004017181 0.9999928 -0.00373574
vn -0.0003882818 0.9999934 -0.003626124
vn -0.0003791492 0.9999936 -0.003566838
vn -0.0003656329 0.9999939 -0.003449877
vn -0.0003575658 0.9999943 -0.003388681
vn -0.0003441269 0.9999946 -0.003265926
vn -0.0003370616 0.9999948 -0.003202758
vn -0.0003238557 0.9999953 -0.003076544
vn -0.0003179054 0.9999954 -0.003013735
vn -0.0003047317 0.9999958 -0.002883432
vn -0.000299446 0.9999959 -0.002817887
vn -0.0002863386 0.9999964 -0.002684721
vn -0.0002819794 0.9999965 -0.002620587
vn -0.0002685959 0.9999968 -0.00248326
vn -0.0002644497 0.999997 -0.002414956
vn -0.0002503185 0.9999974 -0.002269359
vn -0.000246603 0.9999976 -0.002200514
vn -0.0002319793 0.9999979 -0.002052504
vn -0.0002278704 0.999998 -0.001977735
vn -0.0002119786 0.9999983 -0.00182046
vn -0.0002078928 0.9999985 -0.001745348
vn -0.0001909369 0.9999987 -0.001583776
vn -0.0001861556 0.9999988 -0.001505073
vn -0.0001678111 0.9999992 -0.001338596
vn -0.0001622997 0.9999992 -0.001258549
vn -0.0001423616 0.9999994 -0.001087883
vn -0.000135532 0.9999995 -0.001004531
vn -0.0001137026 0.9999996 -0.0008296634
vn -0.0001054758 0.9999998 -0.0007446459
vn -8.089098E-05 0.9999999 -0.0005614818
vn -7.035755E-05 0.9999998 -0.0004714762
vn -4.328884E-05 1 -0.0002856209
vn -2.980566E-05 1 -0.0001900773
vn 1.384973E-06 1 6.641491E-06
vn 1.833387E-05 1 0.0001070037
vn 5.309104E-05 1 0.000307461
vn 7.363797E-05 0.9999998 0.0004097796
vn 0.0001122941 0.9999998 0.0006130182
vn 0.0001376167 0.9999998 0.0007199472
vn 0.0001825432 0.9999996 0.0009345573
vn 0.000214145 0.9999995 0.001049206
vn 0.000263731 0.9999991 0.00126461
vn 0.0003020659 0.999999 0.001384225
vn 0.0003589503 0.9999987 0.001607784
vn 0.000405301 0.9999983 0.001733136
vn 0.0004686206 0.999998 0.001958129
vn 0.0005231775 0.9999977 0.002086179
vn 0.0005937357 0.9999971 0.002312863
vn 0.0006590618 0.9999967 0.002447877
vn 0.0007402738 0.9999962 0.002683229
vn 0.0008178069 0.9999956 0.002824434
vn 0.0009063677 0.9999949 0.003056655
vn 0.0009978892 0.9999944 0.003204482
vn 0.001098708 0.9999935 0.003442356
vn 0.001205583 0.9999928 0.003595045
vn 0.001315576 0.9999919 0.003827571
vn 0.00143754 0.999991 0.003980856
vn 0.001557574 0.99999 0.004208269
vn 0.00169785 0.999989 0.004366532
vn 0.001828239 0.9999878 0.004587656
vn 0.001987791 0.9999868 0.004746007
vn 0.002132572 0.9999854 0.004963916
vn 0.002314578 0.9999841 0.005124621
vn 0.00246721 0.9999828 0.005329672
vn 0.002672834 0.9999814 0.005489763
vn 0.002839295 0.9999798 0.005685319
vn 0.00307278 0.9999782 0.00584164
vn 0.003259395 0.9999765 0.00603046
vn 0.003529691 0.9999747 0.006183603
vn 0.00377643 0.9999722 0.006439711
vn 0.004185908 0.9999688 0.006703541
vn 0.004635222 0.9999636 0.00716178
vn 0.005205029 0.9999582 0.007511851
vn 0.005710344 0.999952 0.007968222
vn 0.006321915 0.9999458 0.008265603
vn 0.006809213 0.9999395 0.008628456
vn 0.007438669 0.999933 0.008872182
vn 0.007902174 0.9999268 0.009153971
vn 0.008535546 0.99992 0.009344452
vn 0.008968358 0.9999141 0.009554225
vn 0.009594108 0.9999069 0.009695048
vn 0.009992566 0.9999016 0.009843434
vn 0.01060131 0.9998943 0.009939384
vn 0.0109618 0.9998896 0.01003479
vn 0.01154349 0.9998825 0.01008965
vn 0.01186446 0.9998782 0.01014124
vn 0.012414 0.9998713 0.01016235
vn 0.01269794 0.9998674 0.01018044
vn 0.01321186 0.9998609 0.01017409
vn 0.01345793 0.9998578 0.01016424
vn 0.01393009 0.9998516 0.01013396
vn 0.01413783 0.9998491 0.01010159
vn 0.01456725 0.9998433 0.01005385
vn 0.01474272 0.9998412 0.01000725
vn 0.01513131 0.999836 0.009948594
vn 0.01527759 0.9998344 0.009892859
vn 0.01561945 0.9998298 0.009827057
vn 0.01572639 0.9998286 0.009763702
vn 0.01602312 0.9998246 0.009694852
vn 0.01610626 0.9998239 0.009625115
vn 0.01636214 0.9998204 0.009557787
vn 0.016414 0.9998202 0.009487361
vn 0.01662668 0.9998174 0.009421435
vn 0.01665839 0.9998174 0.009352419
vn 0.01683489 0.9998151 0.009290203
vn 0.01684613 0.9998156 0.009222973
vn 0.01698385 0.9998138 0.009164159
vn 0.01697613 0.9998145 0.009099869
vn 0.01707933 0.9998131 0.009047749
vn 0.01705321 0.9998142 0.008987066
vn 0.01711853 0.9998135 0.008940485
vn 0.01707189 0.9998147 0.008882296
vn 0.01710064 0.9998147 0.008842405
vn 0.01703793 0.9998162 0.008789136
vn 0.0170336 0.9998165 0.008757916
vn 0.01695194 0.9998184 0.008707867
vn 0.01690772 0.9998193 0.008682106
vn 0.01680333 0.9998215 0.008633605
vn 0.01672388 0.999823 0.008616391
vn 0.01660271 0.9998254 0.008571947
vn 0.01648239 0.9998275 0.008560674
vn 0.01633188 0.9998304 0.008514942
vn 0.01616889 0.999833 0.00850891
vn 0.01599483 0.9998363 0.008463709
vn 0.01579298 0.9998395 0.008463636
vn 0.01559541 0.9998429 0.008417998
vn 0.01535109 0.9998467 0.008420303
vn 0.01512614 0.9998505 0.00837077
vn 0.01483566 0.9998549 0.008373804
vn 0.01456826 0.9998593 0.008314134
vn 0.01422873 0.9998642 0.008314254
vn 0.01393117 0.999869 0.008242384
vn 0.013541 0.9998744 0.008235321
vn 0.0131921 0.9998797 0.008143116
vn 0.01275021 0.9998857 0.008123644
vn 0.01236118 0.9998915 0.008009074
vn 0.01186859 0.9998978 0.007972375
vn 0.01141553 0.9999042 0.007819142
vn 0.01086927 0.9999109 0.007754333
vn 0.01036979 0.9999176 0.00755492
vn 0.009767064 0.9999245 0.007451589
vn 0.009168534 0.9999323 0.00717205
vn 0.008515985 0.9999391 0.007017805
vn 0.00787151 0.9999468 0.006662494
vn 0.007166788 0.9999536 0.006445852
vn 0.006328697 0.9999627 0.005894419
vn 0.005591818 0.9999688 0.005573047
vn 0.004803326 0.9999764 0.004934223
vn 0.004098732 0.9999813 0.00451314
vn 0.003206761 0.9999882 0.00366643
vn 0.002637294 0.9999913 0.003230502
vn 0.001894858 0.9999954 0.002393849
vn 0.001446774 0.999997 0.001945082
vn 0.0007851761 0.999999 0.001082957
vn 0.0004416385 0.9999997 0.0006422249
vn -0.0001374664 1 -0.0002226377
vn -0.0003933426 0.9999997 -0.0006482927
vn -0.0008937623 0.9999985 -0.00149842
vn -0.001073929 0.9999976 -0.001897194
vn -0.001501646 0.9999952 -0.002718685
vn -0.001623018 0.9999939 -0.003090442
vn -0.001985802 0.9999906 -0.00387296
vn -0.002059506 0.999989 -0.004211472
vn -0.002363344 0.999985 -0.004943012
vn -0.002401572 0.9999834 -0.005247833
vn -0.002655668 0.999979 -0.005925027
vn -0.002670004 0.9999772 -0.006199179
vn -0.002881422 0.9999726 -0.006816779
vn -0.002879333 0.999971 -0.007057982
vn -0.003053351 0.9999664 -0.007609226
vn -0.003042622 0.9999648 -0.007818958
vn -0.003187031 0.9999605 -0.008305871
vn -0.003175838 0.9999589 -0.008490263
vn -0.00329499 0.9999549 -0.008909142
vn -0.003286258 0.9999534 -0.009063425
vn -0.003384048 0.99995 -0.009412011
vn -0.003384433 0.9999487 -0.009543432
vn -0.003464179 0.9999458 -0.009820102
vn -0.003475265 0.9999447 -0.009923917
vn -0.003538917 0.9999425 -0.01012603
vn -0.003565391 0.9999415 -0.0102081
vn -0.003614985 0.99994 -0.01033581
vn -0.003659097 0.9999394 -0.01039418
vn -0.003695649 0.9999386 -0.01044401
vn -0.003760204 0.9999381 -0.01047874
vn -0.003778675 0.9999384 -0.01043977
vn -0.003862647 0.999938 -0.01044287
vn -0.003862531 0.9999394 -0.01030993
vn -0.003971113 0.9999392 -0.01028608
vn -0.003947212 0.9999418 -0.01004829
vn -0.004075638 0.9999418 -0.009985
vn -0.004014965 0.9999455 -0.009635804
vn -0.004161308 0.999946 -0.009526084
vn -0.004052924 0.9999509 -0.009036481
vn -0.004208928 0.9999518 -0.008869784
vn -0.004031212 0.9999578 -0.008248907
vn -0.004183088 0.9999591 -0.008014503
vn -0.003906514 0.9999663 -0.007221095
vn -0.004033573 0.999968 -0.00690637
vn -0.003619447 0.9999757 -0.005953949
vn -0.003669998 0.999978 -0.005534469
vn -0.00307592 0.9999853 -0.004437637
vn -0.003002154 0.9999878 -0.003924933
vn -0.002154924 0.999994 -0.002679847
vn -0.00186993 0.999996 -0.002085507
vn -0.0007690118 0.9999994 -0.0008322265
vn -0.0001899129 0.9999999 -0.0002084808
vn 0.000867818 0.9999994 0.000740546
vn 0.001578709 0.999998 0.001173102
vn 0.003265359 0.9999923 0.002211148
vn 0.004295166 0.9999877 0.002485836
vn 0.005404714 0.9999812 0.00290583
vn 0.006713643 0.9999732 0.002961815
vn 0.00798365 0.9999632 0.003151951
vn 0.009311628 0.9999525 0.002869473
vn 0.01025915 0.9999436 0.002761908
vn 0.01141435 0.9999323 0.002291923
vn 0.01203515 0.9999254 0.002062633
vn 0.01297526 0.9999147 0.001520025
vn 0.01339181 0.9999095 0.001247048
vn 0.01413927 0.9998998 0.0006987939
vn 0.01440247 0.9998962 0.0004273047
vn 0.01498002 0.9998878 -7.674529E-05
vn 0.01512604 0.9998855 -0.0003048524
vn 0.01557526 0.9998785 -0.0007514702
vn 0.0156736 0.9998767 -0.0009583117
vn 0.01602069 0.9998707 -0.001344342
vn 0.01607217 0.9998698 -0.001510379
vn 0.01633847 0.9998649 -0.001831953
vn 0.01637437 0.999864 -0.001967896
vn 0.016573 0.9998602 -0.002226433
vn 0.01658806 0.9998596 -0.002327305
vn 0.01673133 0.9998568 -0.002524023
vn 0.01674161 0.9998565 -0.002601122
vn 0.01684232 0.9998544 -0.002738308
vn 0.01684781 0.9998542 -0.002785939
vn 0.01690472 0.9998531 -0.002864592
vn 0.0169103 0.9998528 -0.002887731
vn 0.01692823 0.9998525 -0.002909875
vn 0.01693655 0.9998523 -0.002908035
vn 0.0169163 0.9998528 -0.002870928
vn 0.01692565 0.9998527 -0.002843171
vn 0.0168613 0.9998541 -0.002743157
vn 0.01687333 0.999854 -0.002685772
vn 0.01676096 0.9998564 -0.002515468
vn 0.01676675 0.9998565 -0.002421419
vn 0.01659067 0.99986 -0.002174822
vn 0.01658785 0.9998602 -0.002049014
vn 0.01633155 0.9998652 -0.001716096
vn 0.01630325 0.9998659 -0.001535526
vn 0.01594159 0.9998724 -0.001102809
vn 0.0158734 0.9998736 -0.0008735146
vn 0.01536023 0.999882 -0.0003334435
vn 0.01519699 0.9998846 -4.195109E-05
vn 0.01446912 0.9998952 0.0006054185
vn 0.01414665 0.9998995 0.0009506385
vn 0.01312465 0.9999125 0.001668286
vn 0.0125231 0.9999195 0.002019327
vn 0.01112269 0.9999346 0.002698323
vn 0.01012049 0.9999446 0.002925785
vn 0.008269116 0.9999601 0.003390061
vn 0.006172012 0.9999765 0.002994861
vn 0.004231842 0.9999872 0.002759285
vn 0.002188791 0.9999964 0.00153149
vn 0.0007506468 0.9999996 0.0005907236
vn -0.001383852 0.9999978 -0.001591961
vn -0.001903249 0.9999951 -0.002534729
vn -0.003203786 0.9999846 -0.004529383
vn -0.003285651 0.9999804 -0.005309537
vn -0.004096109 0.9999669 -0.007031758
vn -0.00393885 0.9999632 -0.007631596
vn -0.004436136 0.9999489 -0.009095587
vn -0.004157209 0.9999459 -0.009531482
vn -0.004446091 0.9999324 -0.01074869
vn -0.004111725 0.9999306 -0.01104892
vn -0.004259414 0.9999182 -0.01205917
vn -0.003912985 0.9999171 -0.01226042
vn -0.003974063 0.9999067 -0.0130686
vn -0.003631691 0.9999062 -0.01319432
vn -0.003626561 0.9998974 -0.01386104
vn -0.003297628 0.9998977 -0.01392071
vn -0.003260788 0.9998903 -0.01444231
vn -0.002952294 0.9998912 -0.01445396
vn -0.002883855 0.9998853 -0.01486987
vn -0.002593195 0.9998866 -0.01483553
vn -0.00251184 0.9998822 -0.01514614
vn -0.002245431 0.9998837 -0.01508363
vn -0.002158678 0.9998804 -0.01530671
vn -0.001911093 0.9998825 -0.015212
vn -0.001814502 0.9998804 -0.01536038
vn -0.001585783 0.9998826 -0.01523853
vn -0.001491824 0.9998816 -0.0153163
vn -0.001281419 0.9998841 -0.01517147
vn -0.00118736 0.9998841 -0.01517988
vn -0.0009916881 0.9998868 -0.0150117
vn -0.00090007 0.9998877 -0.01495705
vn -0.0007188118 0.9998907 -0.01476717
vn -0.000631273 0.9998925 -0.01464963
vn -0.0004639972 0.9998957 -0.01443523
vn -0.0003821907 0.9998983 -0.014254
vn -0.0002288593 0.9999017 -0.01401582
vn -0.0001543372 0.9999052 -0.01376964
vn -1.47718E-05 0.9999087 -0.01350457
vn 5.097258E-05 0.999913 -0.01318911
vn 0.0001765886 0.9999168 -0.01289507
vn 0.0002317814 0.9999217 -0.01251018
vn 0.0003446027 0.9999256 -0.01218631
vn 0.0003890894 0.9999314 -0.01170614
vn 0.0004875887 0.9999356 -0.01134057
vn 0.0005143798 0.9999418 -0.01077779
vn 0.0005966079 0.9999461 -0.01036511
vn 0.0006051695 0.9999529 -0.009681657
vn 0.0006697492 0.9999573 -0.009218494
vn 0.0006531914 0.9999647 -0.008391195
vn 0.000695357 0.9999688 -0.007863265
vn 0.000643948 0.9999762 -0.006871098
vn 0.0006555053 0.9999802 -0.006249815
vn 0.0005572679 0.999987 -0.005051387
vn 0.0005243216 0.9999904 -0.004332527
vn 0.0004084136 0.9999946 -0.003262597
vn 0.000360225 0.9999964 -0.002660194
vn 0.0001167389 0.9999996 -0.0008274729
vn 3.085717E-05 0.9999999 -0.0002115297
vn -0.0001747011 0.9999995 0.001022851
vn -0.0003383263 0.9999983 0.00182811
vn -0.0006728133 0.9999936 0.003499271
vn -0.0008930542 0.9999905 0.004243428
vn -0.001278108 0.9999822 0.005827796
vn -0.001551002 0.9999777 0.006490849
vn -0.001994229 0.999966 0.00801341
vn -0.002310596 0.9999607 0.008561377
vn -0.002803542 0.9999462 0.009986226
vn -0.003155789 0.9999406 0.01042383
vn -0.003662847 0.9999251 0.01167749
vn -0.00403602 0.99992 0.01199212
vn -0.004555148 0.999904 0.01308382
vn -0.004927237 0.9999 0.01325626
vn -0.005422408 0.9998853 0.01414086
vn -0.005773763 0.9998828 0.01418025
vn -0.006218702 0.9998705 0.01484295
vn -0.006529612 0.9998697 0.01476122
vn -0.00689485 0.9998606 0.01519933
vn -0.007150077 0.9998618 0.01500714
vn -0.007432691 0.9998563 0.01523564
vn -0.007624542 0.9998591 0.01495418
vn -0.007799464 0.9998574 0.01498395
vn -0.007924032 0.9998614 0.0146389
vn -0.007992001 0.9998629 0.01450039
vn -0.00805105 0.999868 0.01410499
vn -0.008012949 0.9998727 0.01380437
vn -0.008006957 0.9998784 0.01337524
vn -0.007873036 0.9998849 0.01296921
vn -0.007810642 0.9998911 0.01252348
vn -0.007580505 0.9998993 0.01199843
vn -0.007467426 0.9999055 0.01154361
vn -0.007168318 0.9999142 0.01096422
vn -0.007013293 0.9999202 0.01050934
vn -0.006635744 0.9999295 0.009846897
vn -0.006445986 0.9999351 0.009396721
vn -0.006028689 0.9999438 0.008719003
vn -0.005811316 0.9999489 0.00827707
vn -0.005335652 0.9999573 0.007544676
vn -0.005098419 0.9999617 0.007115115
vn -0.004608766 0.9999689 0.006394628
vn -0.00435487 0.9999726 0.005975267
vn -0.003822565 0.9999791 0.005217453
vn -0.003559609 0.9999821 0.004812693
vn -0.00303577 0.999987 0.004087624
vn -0.002767343 0.9999893 0.003696756
vn -0.002215069 0.9999932 0.00294821
vn -0.001944311 0.9999949 0.002571069
vn -0.001456345 0.999997 0.001920952
vn -0.001206008 0.9999981 0.001577629
vn -0.0007155741 0.9999993 0.0009293209
vn -0.000527182 0.9999997 0.0006729335
vn -0.0002219278 0.9999999 0.0002808643
vn -8.602509E-05 1 0.0001075744
vn 0.0001702651 1 -0.0002031972
vn 0.0002909538 0.9999999 -0.0003400716
vn 0.0005186854 0.9999997 -0.000600711
vn 0.0006249699 0.9999995 -0.0007087701
vn 0.0008329559 0.9999993 -0.0009356719
vn 0.0009304055 0.999999 -0.001026586
vn 0.00111353 0.9999986 -0.001218923
vn 0.001200356 0.9999985 -0.001293786
vn 0.001371803 0.999998 -0.001467838
vn 0.00145186 0.9999978 -0.001532972
vn 0.001603952 0.9999973 -0.001683512
vn 0.001676069 0.9999971 -0.001739106
vn 0.001819171 0.9999965 -0.001877328
vn 0.001885356 0.9999964 -0.001926459
vn 0.002012719 0.9999958 -0.002047492
vn 0.002073228 0.9999956 -0.002091106
vn 0.002193976 0.9999952 -0.002203923
vn 0.002249312 0.9999949 -0.002242782
vn 0.002359817 0.9999945 -0.00234491
vn 0.002412164 0.9999943 -0.002381547
vn 0.002517131 0.9999938 -0.002477723
vn 0.002567215 0.9999934 -0.002512873
vn 0.002666251 0.9999931 -0.002603014
vn 0.00271295 0.9999928 -0.002635945
vn 0.00280284 0.9999924 -0.002717457
vn 0.002845444 0.9999921 -0.002747646
vn 0.002932692 0.9999916 -0.002826572
vn 0.002973733 0.9999915 -0.002856589
vn 0.00305415 0.9999911 -0.002929481
vn 0.003091672 0.9999908 -0.002957539
vn 0.003167585 0.9999905 -0.003026545
vn 0.003204463 0.9999901 -0.003055351
vn 0.003277062 0.9999897 -0.003121729
vn 0.003311607 0.9999896 -0.003149774
vn 0.003381562 0.999989 -0.003214273
vn 0.003416132 0.9999888 -0.003243921
vn 0.003482729 0.9999885 -0.003305976
vn 0.003514273 0.9999883 -0.003334438
vn 0.00357635 0.9999879 -0.00339304
vn 0.00360677 0.9999877 -0.003422234
vn 0.003667153 0.9999872 -0.003480164
vn 0.003697393 0.9999871 -0.003511107
vn 0.00375532 0.9999866 -0.003567735
vn 0.003783696 0.9999864 -0.003598962
vn 0.003838419 0.9999859 -0.003653675
vn 0.003865898 0.9999858 -0.003686251
vn 0.003918404 0.9999853 -0.003740096
vn 0.003945043 0.999985 -0.003774241
vn 0.003994492 0.9999847 -0.003826516
vn 0.004019436 0.9999844 -0.003861594
vn 0.00406716 0.9999841 -0.003913696
vn 0.004092691 0.9999838 -0.00395235
vn 0.004141124 0.9999834 -0.004007146
vn 0.004166286 0.9999831 -0.00404883
vn 0.004208861 0.9999828 -0.004099504
vn 0.004230649 0.9999825 -0.004141682
vn 0.004272413 0.9999821 -0.004194113
vn 0.004296414 0.9999818 -0.004242731
vn 0.004338223 0.9999813 -0.004297593
vn 0.004360924 0.9999811 -0.004349902
vn 0.004399556 0.9999806 -0.004405025
vn 0.00442019 0.9999803 -0.004460963
vn 0.004455979 0.9999799 -0.004515772
vn 0.004477638 0.9999795 -0.004579287
vn 0.00451189 0.9999791 -0.004636952
vn 0.004531018 0.9999786 -0.004706201
vn 0.004561464 0.9999782 -0.004765311
vn 0.004579426 0.9999779 -0.004842601
vn 0.004605454 0.9999774 -0.004901124
vn 0.004621849 0.9999769 -0.004988622
vn 0.004646224 0.9999764 -0.005054238
vn 0.004661516 0.9999758 -0.005156273
vn 0.004680432 0.9999754 -0.0052239
vn 0.004691319 0.9999747 -0.005340932
vn 0.004703977 0.9999743 -0.00541353
vn 0.004710843 0.9999735 -0.005552944
vn 0.004714509 0.999973 -0.005630595
vn 0.004713186 0.9999721 -0.005796163
vn 0.004704069 0.9999716 -0.005878846
vn 0.00469291 0.9999706 -0.006083776
vn 0.004671681 0.99997 -0.006183154
vn 0.004649119 0.9999686 -0.006419641
vn 0.004606158 0.9999684 -0.00648414
vn 0.004577083 0.9999667 -0.006751888
vn 0.004609599 0.9999647 -0.007026104
vn 0.00465139 0.9999622 -0.007356844
vn 0.004810527 0.9999588 -0.007699186
vn 0.004925691 0.9999551 -0.008098358
vn 0.005192337 0.999949 -0.008655979
vn 0.005293678 0.9999447 -0.009092216
vn 0.005538822 0.9999379 -0.00966878
vn 0.005619552 0.9999325 -0.01016773
vn 0.005829765 0.9999252 -0.01075142
vn 0.005870162 0.9999188 -0.01131504
vn 0.006035486 0.9999107 -0.01193026
vn 0.006018169 0.999903 -0.01257105
vn 0.006110783 0.9998947 -0.01315988
vn 0.006014298 0.9998854 -0.01389355
vn 0.006017717 0.9998773 -0.014465
vn 0.005804495 0.999866 -0.01530756
vn 0.005684423 0.9998589 -0.0158126
vn 0.00530536 0.9998454 -0.0167605
vn 0.005027772 0.9998408 -0.01712477
vn 0.004426212 0.9998253 -0.0181601
vn 0.00397076 0.9998249 -0.01828741
vn 0.00308957 0.9998077 -0.01936466
vn 0.002465989 0.9998139 -0.01913277
vn 0.001282153 0.9997964 -0.02013648
vn 0.0005796978 0.9998119 -0.01938885
vn -0.0008770102 0.9997957 -0.02019166
vn -0.001563197 0.9998212 -0.01884538
vn -0.003160248 0.9998091 -0.0192826
vn -0.003566666 0.9998423 -0.01739118
vn -0.005058015 0.9998367 -0.01734802
vn -0.005060345 0.9998733 -0.01508893
vn -0.006252435 0.999873 -0.01465112
vn -0.005798726 0.9999084 -0.01223301
vn -0.006538006 0.9999123 -0.01151576
vn -0.005692596 0.9999407 -0.009286752
vn -0.005969872 0.9999465 -0.008453695
vn -0.004892347 0.9999669 -0.006507246
vn -0.004767071 0.9999723 -0.005708682
vn -0.003828315 0.9999828 -0.004431096
vn -0.003736596 0.999985 -0.003977886
vn -0.002549919 0.9999936 -0.002510514
vn -0.00243312 0.9999947 -0.002182458
vn -0.001846205 0.999997 -0.001605193
vn -0.001627916 0.9999979 -0.001299402
vn -0.001033154 0.9999992 -0.0007882793
vn -0.0008279156 0.9999994 -0.0005813494
vn -0.0003517263 0.9999999 -0.0002404491
vn -0.0001535433 1 -0.0001000874
vn 0.0002283877 0.9999999 0.0001357184
vn 0.0004119907 0.9999999 0.0002344328
vn 0.0007336456 0.9999996 0.0004092756
vn 0.0009042738 0.9999995 0.0004815913
vn 0.001179607 0.9999992 0.000615224
vn 0.001333962 0.9999989 0.0006673873
vn 0.001570667 0.9999985 0.0007708893
vn 0.001712042 0.9999982 0.0008091851
vn 0.001925765 0.9999977 0.0008938173
vn 0.002058073 0.9999974 0.000922931
vn 0.002246534 0.999997 0.0009914635
vn 0.002372588 0.9999967 0.001013942
vn 0.002551583 0.9999962 0.001073195
vn 0.002668818 0.9999958 0.001089023
vn 0.002827294 0.9999954 0.001137403
vn 0.002940859 0.999995 0.001149509
vn 0.00309578 0.9999945 0.001192708
vn 0.003204121 0.999994 0.001200443
vn 0.003349971 0.9999936 0.001238034
vn 0.003458917 0.9999933 0.001243839
vn 0.003600957 0.9999926 0.001277422
vn 0.003706322 0.9999923 0.00127937
vn 0.003845396 0.9999918 0.001309349
vn 0.00395309 0.9999914 0.001309464
vn 0.004091936 0.9999908 0.001336838
vn 0.004199229 0.9999903 0.001334036
vn 0.004337662 0.9999897 0.001358692
vn 0.004447587 0.9999893 0.001353746
vn 0.004587651 0.9999885 0.001376233
vn 0.004699834 0.9999881 0.001368701
vn 0.004840105 0.9999873 0.001388438
vn 0.004954222 0.9999868 0.001377874
vn 0.005097369 0.9999861 0.001395412
vn 0.005217277 0.9999854 0.001382417
vn 0.005364803 0.9999846 0.001397875
vn 0.005489207 0.999984 0.001381474
vn 0.005638662 0.9999831 0.001393837
vn 0.005768688 0.9999824 0.001372861
vn 0.005931492 0.9999815 0.001383083
vn 0.006074455 0.9999806 0.001358086
vn 0.006243835 0.9999796 0.001366046
vn 0.00639789 0.9999787 0.001335075
vn 0.006581179 0.9999774 0.001338959
vn 0.00674946 0.9999765 0.00129977
vn 0.006949207 0.999975 0.001298324
vn 0.007134128 0.9999738 0.00124963
vn 0.007343788 0.9999722 0.00124295
vn 0.007553649 0.9999708 0.001181552
vn 0.007797012 0.9999689 0.001165678
vn 0.008037426 0.9999672 0.001085475
vn 0.008303463 0.9999649 0.001058153
vn 0.008582981 0.9999627 0.0009519529
vn 0.008905048 0.9999599 0.0009086903
vn 0.009225639 0.9999571 0.0007883327
vn 0.009456457 0.9999551 0.000749007
vn 0.009770649 0.9999521 0.0006155338
vn 0.01052735 0.9999444 0.0005228107
vn 0.01099624 0.9999395 0.0004227068
vn 0.01173438 0.9999311 0.0004131117
vn 0.01239194 0.9999232 0.0003333052
vn 0.01345279 0.9999095 0.0003028266
vn 0.01406817 0.9999009 0.0001842645
vn 0.01499432 0.9998875 0.000122349
vn 0.01556937 0.9998788 -3.687548E-05
vn 0.0163658 0.999866 -0.0001289998
vn 0.01690583 0.999857 -0.000331036
vn 0.01757436 0.9998455 -0.0004516201
vn 0.01807812 0.9998364 -0.0006984338
vn 0.01861535 0.9998264 -0.0008449479
vn 0.01908229 0.9998173 -0.001138175
vn 0.01948893 0.9998093 -0.001307438
vn 0.01992116 0.9998002 -0.001648696
vn 0.02019538 0.9997943 -0.001836546
vn 0.020589 0.9997856 -0.002226695
vn 0.02072413 0.9997823 -0.002427368
vn 0.02107517 0.9997737 -0.002866436
vn 0.0210661 0.9997734 -0.00307273
vn 0.02137062 0.9997653 -0.003559882
vn 0.02120872 0.999768 -0.003762273
vn 0.02146433 0.9997604 -0.004302943
vn 0.02114541 0.9997662 -0.004501713
vn 0.02133393 0.9997594 -0.005091263
vn 0.02085172 0.9997687 -0.005252215
vn 0.02096034 0.999763 -0.005883032
vn 0.02030027 0.9997758 -0.006007873
vn 0.02032609 0.9997712 -0.006671997
vn 0.01947804 0.9997876 -0.006724062
vn 0.01940456 0.9997844 -0.007395919
vn 0.01837937 0.999804 -0.007352779
vn 0.01820532 0.9998022 -0.008013553
vn 0.01701215 0.9998245 -0.007848124
vn 0.01672302 0.9998244 -0.008467053
vn 0.01537696 0.9998485 -0.008150991
vn 0.01497615 0.99985 -0.008697805
vn 0.01350861 0.9998751 -0.008208069
vn 0.01299985 0.9998782 -0.008646028
vn 0.0114453 0.9999028 -0.007960908
vn 0.01084058 0.9999071 -0.008251104
vn 0.009245291 0.9999303 -0.007358738
vn 0.008569499 0.9999354 -0.007466735
vn 0.006988338 0.9999553 -0.006368425
vn 0.006275332 0.9999607 -0.006266658
vn 0.00476347 0.9999763 -0.004975675
vn 0.004052805 0.999981 -0.004641254
vn 0.0027006 0.9999911 -0.003227242
vn 0.002053112 0.9999943 -0.00267164
vn 0.001053578 0.9999985 -0.001415414
vn 0.0006138032 0.9999994 -0.0008772746
vn -0.0005495076 0.9999995 0.0009175935
vn -0.0009558687 0.9999981 0.00170395
vn -0.001644813 0.9999941 0.003035523
vn -0.001984671 0.9999899 0.004035385
vn -0.002578572 0.9999815 0.00550559
vn -0.00272096 0.9999757 0.006414682
vn -0.003052415 0.999967 0.007531943
vn -0.003080912 0.9999607 0.008320196
vn -0.003264999 0.9999524 0.009200254
vn -0.003224014 0.9999461 0.009874949
vn -0.003315422 0.9999387 0.01056508
vn -0.003232649 0.9999327 0.01114034
vn -0.003266191 0.9999262 0.01169707
vn -0.00316081 0.9999207 0.01218775
vn -0.003159727 0.9999154 0.01261704
vn -0.003043737 0.9999103 0.01303699
vn -0.003018866 0.9999059 0.01337933
vn -0.002896184 0.9999015 0.01373323
vn -0.002855108 0.9998979 0.01400067
vn -0.002732861 0.999894 0.01430524
vn -0.002684796 0.9998911 0.01451066
vn -0.002564869 0.9998876 0.01476846
vn -0.002512683 0.9998856 0.01491675
vn -0.002395101 0.9998826 0.01513349
vn -0.002337465 0.9998811 0.01524344
vn -0.00222467 0.9998785 0.0154291
vn -0.002167642 0.9998776 0.01549616
vn -0.002059631 0.9998755 0.015648
vn -0.002002226 0.999875 0.0156818
vn -0.001899795 0.9998733 0.01580601
vn -0.001845046 0.9998734 0.0158064
vn -0.001748446 0.999872 0.01590487
vn -0.001692744 0.9998726 0.01587634
vn -0.001602315 0.9998715 0.01595248
vn -0.001550047 0.9998724 0.01589372
vn -0.00146547 0.9998718 0.01594562
vn -0.001414953 0.9998732 0.01586135
vn -0.001335285 0.9998727 0.01589402
vn -0.001286764 0.9998746 0.0157847
vn -0.001211909 0.9998745 0.0157968
vn -0.001165407 0.9998767 0.01566049
vn -0.001095414 0.9998769 0.01565246
vn -0.001051137 0.9998795 0.01549009
vn -0.0009860877 0.99988 0.0154633
vn -0.0009441666 0.9998829 0.01527481
vn -0.0008839919 0.9998837 0.01522866
vn -0.0008443256 0.9998869 0.01501068
vn -0.0007888788 0.999888 0.01494315
vn -0.0007515709 0.9998917 0.01469573
vn -0.0007009615 0.9998931 0.01460951
vn -0.0006660396 0.999897 0.01433141
vn -0.0006195829 0.9998987 0.01422374
vn -0.0005857543 0.9999032 0.01390247
vn -0.0005434238 0.999905 0.0137688
vn -0.0005129059 0.9999099 0.0134153
vn -0.0004747573 0.999912 0.01325382
vn -0.0004454925 0.9999174 0.01284804
vn -0.0004116109 0.9999198 0.01265835
vn -0.0003846325 0.9999255 0.0122046
vn -0.0003552117 0.9999281 0.01198703
vn -0.0003296327 0.9999342 0.01146657
vn -0.0003043902 0.9999371 0.01121026
vn -0.0002813191 0.9999434 0.01063513
vn -0.0002600406 0.9999465 0.01033546
vn -0.0002379404 0.9999532 0.009674785
vn -0.0002204787 0.9999564 0.009333746
vn -0.0001989983 0.9999633 0.008568662
vn -0.0001848148 0.9999666 0.008169268
vn -0.0001634239 0.9999735 0.007286128
vn -0.0001514564 0.9999768 0.006806976
vn -0.000128894 0.9999832 0.005784851
vn -0.000118019 0.9999864 0.005222899
vn -9.124468E-05 0.9999921 0.003984535
vn -7.847849E-05 0.9999945 0.003318682
vn -5.352382E-05 0.9999975 0.002227064
vn -3.954643E-05 0.9999987 0.001641007
vn 4.731712E-06 1 -0.0002818712
vn 1.1943E-05 0.9999995 -0.0009929643
vn 2.286938E-05 0.9999968 -0.002534461
vn -9.507579E-06 0.9999936 -0.0035867
vn -4.908083E-05 0.9999843 -0.005599287
vn -0.0001537826 0.9999775 -0.006704449
vn -0.0002648764 0.9999614 -0.008789552
vn -0.0004431933 0.9999507 -0.009927234
vn -0.0006147681 0.999929 -0.01190134
vn -0.0008671948 0.9999144 -0.01305449
vn -0.001112457 0.9998863 -0.01503673
vn -0.001435622 0.9998679 -0.01618339
vn -0.001722803 0.9998367 -0.01798557
vn -0.002106005 0.9998155 -0.01909521
vn -0.002448047 0.9997803 -0.02081533
vn -0.002875572 0.9997569 -0.02186059
vn -0.003222392 0.9997226 -0.02333069
vn -0.003669811 0.9996985 -0.02427435
vn -0.004028887 0.999665 -0.02556475
vn -0.004467582 0.9996421 -0.02637346
vn -0.004780171 0.9996144 -0.02735116
vn -0.005173194 0.9995949 -0.02798774
vn -0.005431154 0.999574 -0.02867484
vn -0.005748348 0.9995597 -0.02910914
vn -0.005922113 0.9995483 -0.02946401
vn -0.006132288 0.9995408 -0.02967708
vn -0.006194985 0.9995405 -0.02967438
vn -0.006278669 0.9995407 -0.02964777
vn -0.006228817 0.9995512 -0.02929986
vn -0.006182775 0.9995591 -0.02904029
vn -0.006017997 0.9995802 -0.02833976
vn -0.005850921 0.9995946 -0.02786443
vn -0.005589323 0.9996237 -0.02685295
vn -0.005320055 0.9996433 -0.02617319
vn -0.004975364 0.9996789 -0.02484905
vn -0.004632183 0.9997016 -0.02398464
vn -0.004240533 0.9997397 -0.02241741
vn -0.003857543 0.9997634 -0.02141236
vn -0.003426489 0.9998027 -0.01956749
vn -0.003038234 0.9998251 -0.01845749
vn -0.002627008 0.9998605 -0.01649913
vn -0.002261301 0.99988 -0.01531862
vn -0.00185989 0.9999118 -0.01314787
vn -0.001539191 0.9999277 -0.01192683
vn -0.001197264 0.9999519 -0.009733699
vn -0.000937079 0.9999634 -0.008503044
vn -0.0006402183 0.9999807 -0.006167836
vn -0.0004515199 0.9999876 -0.004952504
vn -0.0002446869 0.9999959 -0.002838093
vn -0.0001313156 0.9999985 -0.001729377
vn 3.549824E-05 0.9999998 0.0006309629
vn 9.320421E-05 0.9999986 0.001693073
vn 0.0002032287 0.9999925 0.003852413
vn 0.0002329103 0.9999877 0.004959049
vn 0.0003174966 0.9999745 0.007141626
vn 0.00032027 0.9999664 0.008186201
vn 0.0003752467 0.9999473 0.01026273
vn 0.0003527551 0.9999371 0.01120892
vn 0.0003806245 0.999914 0.0131074
vn 0.0003389075 0.9999025 0.01395292
vn 0.000344946 0.9998773 0.01566146
vn 0.0002895805 0.9998654 0.01640381
vn 0.0002790018 0.9998395 0.01791045
vn 0.0002160378 0.9998279 0.01854763
vn 0.0001950033 0.9998037 0.01981611
vn 0.000129254 0.9997932 0.02033485
vn 0.0001006564 0.9997709 0.0214021
vn 3.640541E-05 0.9997621 0.02180975
vn 6.233764E-06 0.9997435 0.02264775
vn -5.311575E-05 0.9997362 0.02296241
vn -8.260827E-05 0.9997215 0.02359643
vn -0.0001352042 0.9997163 0.02381413
vn -0.0001615086 0.999706 0.02424635
vn -0.0002051249 0.9997028 0.02437525
vn -0.0002256936 0.9996971 0.02461051
vn -0.0002593066 0.9996961 0.02464989
vn -0.0002743108 0.9996948 0.0247028
vn -0.0002975427 0.9996958 0.02466274
vn -0.0003054626 0.9996988 0.02454296
vn -0.0003185055 0.9997016 0.02442865
vn -0.0003199801 0.999708 0.02416029
vn -0.0003239376 0.9997123 0.02398257
vn -0.0003195331 0.9997222 0.02356668
vn -0.0003153358 0.9997277 0.02332982
vn -0.0003059487 0.9997402 0.02279296
vn -0.0002949054 0.9997467 0.02250127
vn -0.0002817576 0.9997609 0.02186485
vn -0.0002652527 0.9997682 0.02152751
vn -0.0002487753 0.999784 0.02077862
vn -0.0002284163 0.9997918 0.02040498
vn -0.0002111332 0.9998077 0.01960955
vn -0.0001883282 0.9998155 0.01920638
vn -0.0001698141 0.9998322 0.01832166
vn -0.0001455355 0.9998399 0.01789142
vn -0.0001277112 0.9998562 0.01696058
vn -0.0001033751 0.9998639 0.01649909
vn -8.731947E-05 0.9998792 0.01553807
vn -6.374016E-05 0.9998866 0.01506029
vn -4.897595E-05 0.9999015 0.01403878
vn -2.695043E-05 0.9999082 0.01355172
vn -1.531443E-05 0.9999216 0.01251573
vn 4.140853E-06 0.999928 0.01200397
vn 1.236832E-05 0.9999399 0.01096336
vn 2.894482E-05 0.9999455 0.01044826
vn 3.39764E-05 0.9999561 0.009364899
vn 4.722585E-05 0.9999609 0.008847289
vn 4.816228E-05 0.9999697 0.007773405
vn 5.74368E-05 0.9999738 0.007243498
vn 5.427028E-05 0.9999808 0.006186169
vn 5.958803E-05 0.999984 0.00565859
vn 5.224974E-05 0.9999896 0.004571259
vn 5.354019E-05 0.9999917 0.00404981
vn 4.206688E-05 0.9999956 0.002987916
vn 3.873538E-05 0.999997 0.002458792
vn 2.582925E-05 0.9999987 0.001573664
vn 1.996703E-05 0.9999993 0.001129753
vn 3.311246E-07 1 2.988055E-05
vn -7.27486E-06 1 -0.0003982833
vn -2.231592E-05 0.9999992 -0.001228083
vn -2.940116E-05 0.9999986 -0.00169778
vn -4.34051E-05 0.9999967 -0.002575091
vn -4.751711E-05 0.9999955 -0.002991832
vn -5.864874E-05 0.9999928 -0.003800704
vn -6.098684E-05 0.9999913 -0.004176754
vn -6.95138E-05 0.9999881 -0.004882718
vn -7.061642E-05 0.9999864 -0.005216598
vn -7.75083E-05 0.9999828 -0.00586695
vn -7.787193E-05 0.9999809 -0.006167964
vn -8.346497E-05 0.9999772 -0.006751337
vn -8.352758E-05 0.9999753 -0.007027838
vn -8.812346E-05 0.9999715 -0.007548498
vn -8.799332E-05 0.9999695 -0.007794747
vn -9.197592E-05 0.9999658 -0.008273985
vn -9.188584E-05 0.9999639 -0.008494922
vn -9.5349E-05 0.9999601 -0.008922136
vn -9.551785E-05 0.9999584 -0.009124554
vn -9.875999E-05 0.9999548 -0.009515421
vn -9.93139E-05 0.999953 -0.009701058
vn -0.00010233 0.9999496 -0.0100466
vn -0.0001032469 0.9999478 -0.01020987
vn -0.0001062182 0.9999446 -0.01052513
vn -0.000107614 0.999943 -0.01067142
vn -0.0001105602 0.9999401 -0.01095032
vn -0.0001124961 0.9999386 -0.01108349
vn -0.0001154846 0.9999358 -0.01133256
vn -0.0001179466 0.9999344 -0.01145025
vn -0.0001210378 0.9999319 -0.01167202
vn -0.0001240686 0.9999307 -0.01177902
vn -0.0001271911 0.9999284 -0.01197096
vn -0.000130769 0.9999272 -0.01206297
vn -0.0001341118 0.9999251 -0.0122315
vn -0.0001382875 0.9999242 -0.0123105
vn -0.000141705 0.9999225 -0.01245246
vn -0.0001464236 0.9999216 -0.01252208
vn -0.0001499372 0.9999201 -0.01264232
vn -0.0001552338 0.9999193 -0.01270077
vn -0.000158943 0.9999181 -0.01279982
vn -0.0001648419 0.9999174 -0.01284934
vn -0.0001686334 0.9999164 -0.01292771
vn -0.0001750544 0.9999159 -0.01296667
vn -0.0001789642 0.9999151 -0.01302476
vn -0.000186026 0.9999148 -0.01305515
vn -0.0001900859 0.9999142 -0.01309344
vn -0.0001976943 0.999914 -0.01311372
vn -0.0002017797 0.9999138 -0.01313312
vn -0.0002097848 0.9999135 -0.0131456
vn -0.0002137508 0.9999136 -0.01314707
vn -0.0002220973 0.9999135 -0.01315038
vn -0.0002261581 0.9999138 -0.01313338
vn -0.0002348434 0.9999138 -0.0131287
vn -0.0002386964 0.9999142 -0.01309397
vn -0.0002477179 0.9999144 -0.01308053
vn -0.0002515179 0.9999151 -0.01302926
vn -0.0002609228 0.9999154 -0.01300887
vn -0.0002645905 0.9999161 -0.01294233
vn -0.0002742754 0.9999166 -0.01291449
vn -0.0002776928 0.9999177 -0.01282963
vn -0.0002876029 0.9999182 -0.01279175
vn -0.0002907873 0.9999195 -0.01268991
vn -0.0003010051 0.9999201 -0.01264591
vn -0.000303928 0.9999215 -0.01252881
vn -0.0003143452 0.9999222 -0.01247651
vn -0.0003168763 0.9999237 -0.01234175
vn -0.0003273649 0.9999245 -0.01228078
vn -0.0003294011 0.9999264 -0.01212936
vn -0.0003399754 0.9999272 -0.01206109
vn -0.0003415084 0.9999292 -0.01189226
vn -0.0003520767 0.9999302 -0.01181449
vn -0.000353002 0.9999323 -0.01162945
vn -0.0003635806 0.9999332 -0.01154562
vn -0.0003637761 0.9999357 -0.0113422
vn -0.0003740881 0.9999367 -0.01124652
vn -0.0003734354 0.9999391 -0.01102575
vn -0.0003835562 0.9999402 -0.01092497
vn -0.0003819733 0.9999428 -0.01068778
vn -0.000391685 0.999944 -0.010576
vn -0.0003889693 0.9999467 -0.01031776
vn -0.0003982269 0.9999479 -0.01019619
vn -0.0003943209 0.9999508 -0.009920282
vn -0.0004030762 0.999952 -0.009791058
vn -0.0003979103 0.9999549 -0.009498287
vn -0.0004061652 0.9999562 -0.009360099
vn -0.0003992238 0.9999591 -0.009036346
vn -0.0004064517 0.9999605 -0.008881625
vn -0.0003975652 0.9999634 -0.008539598
vn -0.000403767 0.9999649 -0.008371412
vn -0.0003927039 0.9999679 -0.007998184
vn -0.0003976955 0.9999694 -0.007817237
vn -0.0003842153 0.9999723 -0.007420368
vn -0.000387655 0.9999738 -0.007228128
vn -0.0003715049 0.9999768 -0.006807102
vn -0.0003730373 0.9999782 -0.006601125
vn -0.0003539361 0.999981 -0.006155783
vn -0.0003534479 0.9999823 -0.005938154
vn -0.0003310574 0.999985 -0.005467109
vn -0.0003280151 0.9999862 -0.005234025
vn -0.0003019023 0.9999887 -0.004736279
vn -0.0002961192 0.9999899 -0.004490244
vn -0.0002659801 0.999992 -0.003965982
vn -0.0002571068 0.9999931 -0.003704461
vn -0.0002212733 0.9999951 -0.003133324
vn -0.0002081389 0.9999959 -0.002847334
vn -0.0001671728 0.9999975 -0.002249907
vn -0.0001493193 0.9999982 -0.001940195
vn -9.752298E-05 0.9999993 -0.001245913
vn -7.278618E-05 0.9999996 -0.000896611
vn -1.899758E-05 1 -0.0002348292
vn 1.176967E-05 1 0.0001253083
vn 7.637E-05 0.9999996 0.0008445808
vn 0.000111466 0.9999993 0.001176588
vn 0.0001758706 0.9999983 0.001817004
vn 0.0002162842 0.9999977 0.002136624
vn 0.0002839885 0.9999962 0.002747792
vn 0.0003290648 0.9999952 0.003057176
vn 0.0003993576 0.9999934 0.003640219
vn 0.0004481087 0.9999921 0.003937115
vn 0.0005203425 0.9999898 0.004493081
vn 0.000572326 0.9999884 0.004779943
vn 0.0006458281 0.9999858 0.005309346
vn 0.0007000786 0.9999841 0.005583395
vn 0.0007740208 0.9999812 0.006084682
vn 0.000829867 0.9999795 0.006346324
vn 0.0009040238 0.9999763 0.006823596
vn 0.0009612484 0.9999745 0.007075855
vn 0.001035019 0.9999712 0.007528358
vn 0.001092554 0.9999692 0.00776679
vn 0.001165003 0.9999657 0.008191772
vn 0.001222367 0.9999639 0.008417508
vn 0.001293284 0.9999603 0.008817821
vn 0.001350026 0.9999583 0.009031916
vn 0.001419229 0.9999547 0.009409755
vn 0.001475113 0.9999526 0.009612899
vn 0.001541896 0.9999491 0.00996561
vn 0.001595763 0.9999472 0.01015387
vn 0.001659354 0.9999437 0.0104809
vn 0.001711135 0.9999417 0.01065729
vn 0.001771983 0.9999384 0.010963
vn 0.001821589 0.9999365 0.01112836
vn 0.001879023 0.9999332 0.01141083
vn 0.00192559 0.9999313 0.01156216
vn 0.001979024 0.9999282 0.01181988
vn 0.00202228 0.9999264 0.01195827
vn 0.002071685 0.9999235 0.01219351
vn 0.002111456 0.9999219 0.01231981
vn 0.002156874 0.9999192 0.01253387
vn 0.002192887 0.9999176 0.01264813
vn 0.002233557 0.9999151 0.01283862
vn 0.002265221 0.9999138 0.01293833
vn 0.00230139 0.9999115 0.01310669
vn 0.002329119 0.9999102 0.0131955
vn 0.002360414 0.9999083 0.01334189
vn 0.002383279 0.9999073 0.0134162
vn 0.002409676 0.9999055 0.01354076
vn 0.002428104 0.9999045 0.01360389
vn 0.002449327 0.9999031 0.01370642
vn 0.002462555 0.9999024 0.01375482
vn 0.00247843 0.9999012 0.01383425
vn 0.002486903 0.9999006 0.01387032
vn 0.002497718 0.9998999 0.01392866
vn 0.002501168 0.9998996 0.01395188
vn 0.002506396 0.9998989 0.01398702
vn 0.002504497 0.999899 0.01399574
vn 0.002504582 0.9998987 0.01400957
vn 0.00249794 0.9998987 0.01400719
vn 0.002492551 0.9998989 0.01399838
vn 0.002480245 0.9998991 0.01398013
vn 0.002469481 0.9998996 0.01394892
vn 0.00245259 0.9999002 0.01391984
vn 0.002436885 0.9999008 0.01386756
vn 0.002414727 0.9999015 0.01382385
vn 0.002393361 0.9999026 0.01374705
vn 0.002365909 0.9999035 0.01368902
vn 0.002338459 0.999905 0.01358517
vn 0.002305941 0.999906 0.01351248
vn 0.002274102 0.9999077 0.01338684
vn 0.002236309 0.9999091 0.01329925
vn 0.002197747 0.9999112 0.01314277
vn 0.002154364 0.9999127 0.0130373
vn 0.002110625 0.9999152 0.01285359
vn 0.002063174 0.9999168 0.01273461
vn 0.002014802 0.9999196 0.01252488
vn 0.001963135 0.9999213 0.01238982
vn 0.001910048 0.9999243 0.0121518
vn 0.001854486 0.9999262 0.01200112
vn 0.001797104 0.9999294 0.01173526
vn 0.001738283 0.9999316 0.01156928
vn 0.001677247 0.999935 0.01127528
vn 0.001615674 0.9999372 0.01109376
vn 0.001551038 0.9999408 0.01076955
vn 0.001486941 0.9999431 0.01057118
vn 0.001419406 0.9999468 0.01021741
vn 0.001353872 0.9999491 0.01000463
vn 0.001284187 0.999953 0.009621325
vn 0.001217658 0.9999551 0.009392365
vn 0.001145992 0.9999591 0.008976068
vn 0.001079043 0.9999612 0.008729992
vn 0.001006343 0.9999652 0.008281908
vn 0.0009400728 0.9999674 0.008021498
vn 0.0008670991 0.9999713 0.007541436
vn 0.0008021269 0.9999733 0.007264647
vn 0.0007293552 0.9999769 0.006748082
vn 0.0006664848 0.9999789 0.006453362
vn 0.0005952294 0.9999824 0.005903829
vn 0.0005360378 0.9999842 0.005597442
vn 0.0004672246 0.9999874 0.005013526
vn 0.0004117497 0.9999889 0.00468849
vn 0.0003441653 0.9999917 0.004047599
vn 0.0002935687 0.9999931 0.003700856
vn 0.0002315714 0.9999954 0.003026015
vn 0.0001889189 0.9999964 0.002656595
vn 0.000144893 0.9999979 0.002100431
vn 0.0001157216 0.9999985 0.001811359
vn 6.307208E-05 0.9999994 0.001053677
vn 4.38596E-05 0.9999997 0.0008077323
vn 1.917867E-05 0.9999999 0.000358595
vn 4.770724E-06 1 8.625975E-05
vn -1.873001E-05 1 -0.0004458258
vn -2.619679E-05 0.9999998 -0.0007040228
vn -4.240329E-05 0.9999992 -0.001211853
vn -4.348259E-05 0.999999 -0.001452739
vn -5.329395E-05 0.9999982 -0.001935665
vn -4.906788E-05 0.9999977 -0.002162887
vn -5.340824E-05 0.9999966 -0.002622702
vn -4.470273E-05 0.999996 -0.00283542
vn -4.436017E-05 0.9999946 -0.003274258
vn -3.214389E-05 0.999994 -0.003476522
vn -2.808055E-05 0.9999924 -0.003882841
vn -1.301699E-05 0.9999917 -0.004066445
vn -5.437164E-06 0.99999 -0.004456659
vn 1.17814E-05 0.9999893 -0.004625765
vn 2.170833E-05 0.9999875 -0.00498671
vn 4.054904E-05 0.9999868 -0.005145913
vn 5.26734E-05 0.999985 -0.005491652
vn 7.304175E-05 0.999984 -0.005644171
vn 8.703775E-05 0.9999821 -0.005973123
vn 0.0001085374 0.9999812 -0.006114284
vn 0.000124033 0.9999793 -0.006428119
vn 0.0001463749 0.9999785 -0.006564654
vn 0.0001630949 0.9999764 -0.006866562
vn 0.0001860808 0.9999754 -0.006995198
vn 0.0002038116 0.9999735 -0.007281182
vn 0.0002271294 0.9999726 -0.007401546
vn 0.0002454676 0.9999705 -0.007673563
vn 0.0002689298 0.9999697 -0.007788123
vn 0.0002878549 0.9999676 -0.008047775
vn 0.0003114019 0.9999666 -0.008155944
vn 0.0003306893 0.9999647 -0.008402952
vn 0.0003539951 0.9999638 -0.008505248
vn 0.000373319 0.9999617 -0.008740182
vn 0.0003962643 0.9999609 -0.008836818
vn 0.0004156442 0.9999588 -0.009059772
vn 0.0004381265 0.999958 -0.00915096
vn 0.000457328 0.9999561 -0.009363703
vn 0.0004792629 0.9999552 -0.009450941
vn 0.0004981843 0.9999534 -0.009651657
vn 0.0005193414 0.9999525 -0.009731919
vn 0.0005377455 0.9999507 -0.009920419
vn 0.0005582093 0.9999499 -0.009996454
vn 0.0005767612 0.999948 -0.01018149
vn 0.0005966893 0.9999472 -0.01025667
vn 0.0006141438 0.9999455 -0.01042722
vn 0.0006331849 0.9999447 -0.01049681
vn 0.00065036 0.999943 -0.01066013
vn 0.0006683923 0.9999422 -0.01072693
vn 0.0006847187 0.9999406 -0.0108818
vn 0.0007013989 0.9999398 -0.0109447
vn 0.0007165856 0.9999383 -0.01108684
vn 0.0007317151 0.9999376 -0.01114302
vn 0.0007456125 0.9999362 -0.01127176
vn 0.0007592361 0.9999355 -0.01132345
vn 0.0007722504 0.9999342 -0.01144503
vn 0.0007843541 0.9999335 -0.01149481
vn 0.0007956445 0.9999324 -0.01160278
vn 0.0008059769 0.9999319 -0.01164764
vn 0.0008160681 0.9999307 -0.0117462
vn 0.0008244753 0.9999302 -0.0117879
vn 0.0008326637 0.9999292 -0.01187298
vn 0.0008386103 0.9999288 -0.01190763
vn 0.0008449378 0.9999278 -0.01197907
vn 0.0008485823 0.9999276 -0.01201001
vn 0.0008527367 0.9999268 -0.01206606
vn 0.0008536573 0.9999264 -0.01209164
vn 0.0008555448 0.999926 -0.01213386
vn 0.0008533495 0.9999258 -0.01215491
vn 0.0008525347 0.9999254 -0.0121808
vn 0.0008469291 0.9999253 -0.01219516
vn 0.000843406 0.9999252 -0.01220107
vn 0.0008339626 0.9999251 -0.01220898
vn 0.0008267566 0.9999253 -0.0121924
vn 0.0008127698 0.9999254 -0.01219105
vn 0.0008022538 0.9999259 -0.01214932
vn 0.0007833526 0.999926 -0.0121397
vn 0.0007683039 0.9999268 -0.01206927
vn 0.0007434054 0.9999272 -0.01205011
vn 0.0007237801 0.9999284 -0.01194517
vn 0.0006918316 0.9999289 -0.01191153
vn 0.0006666043 0.9999306 -0.01176088
vn 0.0006261645 0.9999313 -0.01170892
vn 0.0005945442 0.9999337 -0.01150254
vn 0.0005436075 0.9999346 -0.01142965
vn 0.000504095 0.9999377 -0.01114914
vn 0.0004408661 0.9999388 -0.01104553
vn 0.0003950878 0.999943 -0.01067662
vn 0.0003182834 0.9999444 -0.01053084
vn 0.0002657637 0.9999494 -0.01004926
vn 0.000193219 0.9999516 -0.009836044
vn 0.0001552178 0.9999555 -0.009440509
vn 0.0001342427 0.9999563 -0.009356818
vn 0.0001404999 0.9999559 -0.009384996
vn 0.0001741703 0.9999551 -0.009489395
vn 0.0002077171 0.999952 -0.009789466
vn 0.0002663756 0.9999509 -0.009900209
vn 0.0003073296 0.9999471 -0.01027904
vn 0.0003733445 0.9999455 -0.01043161
vn 0.0004221596 0.9999405 -0.01090714
vn 0.0004901851 0.9999379 -0.01113336
vn 0.0005462253 0.9999306 -0.01177138
vn 0.0005714089 0.9999261 -0.01213822
vn 0.0005855009 0.9999168 -0.01288477
vn 0.0001759732 0.9999057 -0.01373703
vn -0.0002472006 0.9999013 -0.01404472
vn -0.003027909 0.9998665 -0.01605294
vn -0.003743826 0.9999138 -0.01259004
vn -0.006390349 0.9999238 -0.01056277
vn -0.003345312 0.9999843 -0.004483895
vn -0.002480597 0.9999943 -0.002263019
vn 0.001079836 0.9999992 0.0007169202
vn 0.002415604 0.9999961 0.001336068
vn 0.004348836 0.9999882 0.002185243
vn 0.005927803 0.99998 0.002246295
vn 0.007233511 0.9999711 0.002378442
vn 0.008314043 0.9999633 0.00203052
vn 0.00886127 0.999959 0.001899604
vn 0.009520459 0.9999535 0.001584101
vn 0.009813845 0.9999508 0.001455737
vn 0.01025102 0.9999467 0.001199752
vn 0.01044818 0.9999448 0.00108653
vn 0.01075786 0.9999417 0.0008803785
vn 0.01088794 0.9999405 0.0007909919
vn 0.01111248 0.9999381 0.0006290038
vn 0.01120367 0.9999371 0.0005587698
vn 0.01136391 0.9999353 0.0004348691
vn 0.01142632 0.9999347 0.0003817576
vn 0.01153154 0.9999335 0.0002978786
vn 0.01156802 0.9999331 0.000267041
vn 0.01161312 0.9999326 0.00023188
vn 0.01160648 0.9999326 0.0002280276
vn 0.01159036 0.9999328 0.0002307365
vn 0.01157381 0.999933 0.0002380485
vn 0.0115705 0.999933 0.0002440452
vn 0.01157407 0.999933 0.0002441194
vn 0.01157408 0.9999329 0.0002441151

vt 0 0 0.0
vt 1 0.8112261 0.0
vt 1 0 0.0
vt 0 0.8112261 0.0
vt 1 1.622374 0.0
vt 0 1.622374 0.0
vt 1 2.429416 0.0
vt 0 2.429416 0.0
vt 1 3.240392 0.0
vt 0 3.240392 0.0
vt 1 4.042253 0.0
vt 0 4.042253 0.0
vt 1 4.855463 0.0
vt 0 4.855463 0.0
vt 1 5.67394 0.0
vt 0 5.67394 0.0
vt 1 6.492097 0.0
vt 0 6.492097 0.0
vt 1 7.304831 0.0
vt 0 7.304831 0.0
vt 1 8.107483 0.0
vt 0 8.107483 0.0
vt 1 8.933876 0.0
vt 0 8.933876 0.0
vt 1 9.743987 0.0
vt 0 9.743987 0.0
vt 1 10.57405 0.0
vt 0 10.57405 0.0
vt 1 11.38239 0.0
vt 0 11.38239 0.0
vt 1 12.20737 0.0
vt 0 12.20737 0.0
vt 1 13.04827 0.0
vt 0 13.04827 0.0
vt 1 13.86125 0.0
vt 0 13.86125 0.0
vt 1 14.68736 0.0
vt 0 14.68736 0.0
vt 1 15.526 0.0
vt 0 15.526 0.0
vt 1 16.33149 0.0
vt 0 16.33149 0.0
vt 1 17.14715 0.0
vt 0 17.14715 0.0
vt 1 17.97245 0.0
vt 0 17.97245 0.0
vt 1 18.80689 0.0
vt 0 18.80689 0.0
vt 1 19.64994 0.0
vt 0 19.64994 0.0
vt 1 20.4536 0.0
vt 0 20.4536 0.0
vt 1 21.26403 0.0
vt 0 21.26403 0.0
vt 1 22.08082 0.0
vt 0 22.08082 0.0
vt 1 22.90352 0.0
vt 0 22.90352 0.0
vt 1 23.73169 0.0
vt 0 23.73169 0.0
vt 1 24.5649 0.0
vt 0 24.5649 0.0
vt 1 25.40272 0.0
vt 0 25.40272 0.0
vt 1 26.24471 0.0
vt 0 26.24471 0.0
vt 1 27.09044 0.0
vt 0 27.09044 0.0
vt 1 27.93948 0.0
vt 0 27.93948 0.0
vt 1 28.7412 0.0
vt 0 28.7412 0.0
vt 1 29.54511 0.0
vt 0 29.54511 0.0
vt 1 30.35084 0.0
vt 0 30.35084 0.0
vt 1 31.15805 0.0
vt 0 31.15805 0.0
vt 1 31.96635 0.0
vt 0 31.96635 0.0
vt 1 32.77541 0.0
vt 0 32.77541 0.0
vt 1 33.58485 0.0
vt 0 33.58485 0.0
vt 1 34.39434 0.0
vt 0 34.39434 0.0
vt 1 35.20347 0.0
vt 0 35.20347 0.0
vt 1 36.01192 0.0
vt 0 36.01192 0.0
vt 1 36.81933 0.0
vt 0 36.81933 0.0
vt 1 37.62537 0.0
vt 0 37.62537 0.0
vt 1 38.42966 0.0
vt 0 38.42966 0.0
vt 1 39.23187 0.0
vt 0 39.23187 0.0
vt 1 40.03165 0.0
vt 0 40.03165 0.0
vt 1 40.87835 0.0
vt 0 40.87835 0.0
vt 1 41.72149 0.0
vt 0 41.72149 0.0
vt 1 42.56065 0.0
vt 0 42.56065 0.0
vt 1 43.39542 0.0
vt 0 43.39542 0.0
vt 1 44.22541 0.0
vt 0 44.22541 0.0
vt 1 45.05016 0.0
vt 0 45.05016 0.0
vt 1 45.86931 0.0
vt 0 45.86931 0.0
vt 1 46.68245 0.0
vt 0 46.68245 0.0
vt 1 47.48916 0.0
vt 0 47.48916 0.0
vt 1 48.28905 0.0
vt 0 48.28905 0.0
vt 1 49.12813 0.0
vt 0 49.12813 0.0
vt 1 49.95865 0.0
vt 0 49.95865 0.0
vt 1 50.78017 0.0
vt 0 50.78017 0.0
vt 1 51.59222 0.0
vt 0 51.59222 0.0
vt 1 52.39436 0.0
vt 0 52.39436 0.0
vt 1 53.22983 0.0
vt 0 53.22983 0.0
vt 1 54.05327 0.0
vt 0 54.05327 0.0
vt 1 54.86415 0.0
vt 0 54.86415 0.0
vt 1 55.70363 0.0
vt 0 55.70363 0.0
vt 1 56.52813 0.0
vt 0 56.52813 0.0
vt 1 57.3371 0.0
vt 0 57.3371 0.0
vt 1 58.16923 0.0
vt 0 58.16923 0.0
vt 1 58.98312 0.0
vt 0 58.98312 0.0
vt 1 59.81558 0.0
vt 0 59.81558 0.0
vt 1 60.62683 0.0
vt 0 60.62683 0.0
vt 1 61.45172 0.0
vt 0 61.45172 0.0
vt 1 62.2523 0.0
vt 0 62.2523 0.0
vt 1 63.0613 0.0
vt 0 63.0613 0.0
vt 1 63.87494 0.0
vt 0 63.87494 0.0
vt 1 64.68931 0.0
vt 0 64.68931 0.0
vt 1 65.50059 0.0
vt 0 65.50059 0.0
vt 1 66.30508 0.0
vt 0 66.30508 0.0
vt 1 67.12617 0.0
vt 0 67.12617 0.0
vt 1 67.93186 0.0
vt 0 67.93186 0.0
vt 1 69.07767 0.0
vt 0 69.07767 0.0
vt 1 69.88208 0.0
vt 0 69.88208 0.0
vt 1 70.70749 0.0
vt 0 70.70749 0.0
vt 1 71.53032 0.0
vt 0 71.53032 0.0
vt 1 72.35738 0.0
vt 0 72.35738 0.0
vt 1 73.16351 0.0
vt 0 73.16351 0.0
vt 1 73.98376 0.0
vt 0 73.98376 0.0
vt 1 74.78934 0.0
vt 0 74.78934 0.0
vt 1 75.61423 0.0
vt 0 75.61423 0.0
vt 1 76.42619 0.0
vt 0 76.42619 0.0
vt 1 77.25923 0.0
vt 0 77.25923 0.0
vt 1 78.07821 0.0
vt 0 78.07821 0.0
vt 1 78.881 0.0
vt 0 78.881 0.0
vt 1 79.70303 0.0
vt 0 79.70303 0.0
vt 1 80.50562 0.0
vt 0 80.50562 0.0
vt 1 81.32562 0.0
vt 0 81.32562 0.0
vt 1 82.16276 0.0
vt 0 82.16276 0.0
vt 1 82.97567 0.0
vt 0 82.97567 0.0
vt 1 83.80341 0.0
vt 0 83.80341 0.0
vt 1 84.6031 0.0
vt 0 84.6031 0.0
vt 1 85.41529 0.0
vt 0 85.41529 0.0
vt 1 86.2395 0.0
vt 0 86.2395 0.0
vt 1 87.0752 0.0
vt 0 87.0752 0.0
vt 1 87.87701 0.0
vt 0 87.87701 0.0
vt 1 88.68809 0.0
vt 0 88.68809 0.0
vt 1 89.50796 0.0
vt 0 89.50796 0.0
vt 1 90.33604 0.0
vt 0 90.33604 0.0
vt 1 91.17175 0.0
vt 0 91.17175 0.0
vt 1 92.0145 0.0
vt 0 92.0145 0.0
vt 1 92.81638 0.0
vt 0 92.81638 0.0
vt 1 93.62348 0.0
vt 0 93.62348 0.0
vt 1 94.43529 0.0
vt 0 94.43529 0.0
vt 1 95.25127 0.0
vt 0 95.25127 0.0
vt 1 96.07085 0.0
vt 0 96.07085 0.0
vt 1 96.89355 0.0
vt 0 96.89355 0.0
vt 1 97.71878 0.0
vt 0 97.71878 0.0
vt 1 98.54597 0.0
vt 0 98.54597 0.0
vt 1 99.37455 0.0
vt 0 99.37455 0.0
vt 1 100.204 0.0
vt 0 100.204 0.0
vt 1 101.0337 0.0
vt 0 101.0337 0.0
vt 1 101.863 0.0
vt 0 101.863 0.0
vt 1 102.6915 0.0
vt 0 102.6915 0.0
vt 1 103.5185 0.0
vt 0 103.5185 0.0
vt 1 104.3434 0.0
vt 0 104.3434 0.0
vt 1 105.1657 0.0
vt 0 105.1657 0.0
vt 1 105.9848 0.0
vt 0 105.9848 0.0
vt 1 106.8 0.0
vt 0 106.8 0.0
vt 1 107.6108 0.0
vt 0 107.6108 0.0
vt 1 108.4166 0.0
vt 0 108.4166 0.0
vt 1 109.2169 0.0
vt 0 109.2169 0.0
vt 1 110.0575 0.0
vt 0 110.0575 0.0
vt 1 110.8904 0.0
vt 0 110.8904 0.0
vt 1 111.7151 0.0
vt 0 111.7151 0.0
vt 1 112.5309 0.0
vt 0 112.5309 0.0
vt 1 113.337 0.0
vt 0 113.337 0.0
vt 1 114.1766 0.0
vt 0 114.1766 0.0
vt 1 115.004 0.0
vt 0 115.004 0.0
vt 1 115.8183 0.0
vt 0 115.8183 0.0
vt 1 116.6187 0.0
vt 0 116.6187 0.0
vt 1 117.4455 0.0
vt 0 117.4455 0.0
vt 1 118.2554 0.0
vt 0 118.2554 0.0
vt 1 119.0865 0.0
vt 0 119.0865 0.0
vt 1 119.897 0.0
vt 0 119.897 0.0
vt 1 120.7231 0.0
vt 0 120.7231 0.0
vt 1 121.5246 0.0
vt 0 121.5246 0.0
vt 1 122.3568 0.0
vt 0 122.3568 0.0
vt 1 123.1581 0.0
vt 0 123.1581 0.0
vt 1 124.0022 0.0
vt 0 124.0022 0.0
vt 1 124.842 0.0
vt 0 124.842 0.0
vt 1 125.6772 0.0
vt 0 125.6772 0.0
vt 1 126.5081 0.0
vt 0 126.5081 0.0
vt 1 127.3344 0.0
vt 0 127.3344 0.0
vt 1 128.1563 0.0
vt 0 128.1563 0.0
vt 1 128.9735 0.0
vt 0 128.9735 0.0
vt 1 129.7862 0.0
vt 0 129.7862 0.0
vt 1 130.5942 0.0
vt 0 130.5942 0.0
vt 1 131.3975 0.0
vt 0 131.3975 0.0
vt 1 132.2403 0.0
vt 0 132.2403 0.0
vt 1 133.0778 0.0
vt 0 133.0778 0.0
vt 1 133.9098 0.0
vt 0 133.9098 0.0
vt 1 134.7363 0.0
vt 0 134.7363 0.0
vt 1 135.5573 0.0
vt 0 135.5573 0.0
vt 1 136.3727 0.0
vt 0 136.3727 0.0
vt 1 137.1824 0.0
vt 0 137.1824 0.0
vt 1 137.9865 0.0
vt 0 137.9865 0.0
vt 1 138.8265 0.0
vt 0 138.8265 0.0
vt 1 139.6601 0.0
vt 0 139.6601 0.0
vt 1 140.4872 0.0
vt 0 140.4872 0.0
vt 1 141.3077 0.0
vt 0 141.3077 0.0
vt 1 142.1216 0.0
vt 0 142.1216 0.0
vt 1 142.9287 0.0
vt 0 142.9287 0.0
vt 1 143.7293 0.0
vt 0 143.7293 0.0
vt 1 144.5626 0.0
vt 0 144.5626 0.0
vt 1 145.3885 0.0
vt 0 145.3885 0.0
vt 1 146.2071 0.0
vt 0 146.2071 0.0
vt 1 147.0183 0.0
vt 0 147.0183 0.0
vt 1 147.8222 0.0
vt 0 147.8222 0.0
vt 1 148.6567 0.0
vt 0 148.6567 0.0
vt 1 149.4834 0.0
vt 0 149.4834 0.0
vt 1 150.3024 0.0
vt 0 150.3024 0.0
vt 1 151.114 0.0
vt 0 151.114 0.0
vt 1 151.9183 0.0
vt 0 151.9183 0.0
vt 1 152.7518 0.0
vt 0 152.7518 0.0
vt 1 153.578 0.0
vt 0 153.578 0.0
vt 1 154.3973 0.0
vt 0 154.3973 0.0
vt 1 155.2103 0.0
vt 0 155.2103 0.0
vt 1 156.0175 0.0
vt 0 156.0175 0.0
vt 1 156.8195 0.0
vt 0 156.8195 0.0
vt 1 157.6515 0.0
vt 0 157.6515 0.0
vt 1 158.4793 0.0
vt 0 158.4793 0.0
vt 1 159.304 0.0
vt 0 159.304 0.0
vt 1 160.1952 0.0
vt 0 160.1952 0.0
vt 1 161.0064 0.0
vt 0 161.0064 0.0
vt 1 161.8142 0.0
vt 0 161.8142 0.0
vt 1 162.6202 0.0
vt 0 162.6202 0.0
vt 1 163.4261 0.0
vt 0 163.4261 0.0
vt 1 164.2331 0.0
vt 0 164.2331 0.0
vt 1 165.0425 0.0
vt 0 165.0425 0.0
vt 1 165.8549 0.0
vt 0 165.8549 0.0
vt 1 166.671 0.0
vt 0 166.671 0.0
vt 1 167.4913 0.0
vt 0 167.4913 0.0
vt 1 168.3159 0.0
vt 0 168.3159 0.0
vt 1 169.1449 0.0
vt 0 169.1449 0.0
vt 1 169.9782 0.0
vt 0 169.9782 0.0
vt 1 170.8156 0.0
vt 0 170.8156 0.0
vt 1 171.6566 0.0
vt 0 171.6566 0.0
vt 1 172.4586 0.0
vt 0 172.4586 0.0
vt 1 173.2631 0.0
vt 0 173.2631 0.0
vt 1 174.0695 0.0
vt 0 174.0695 0.0
vt 1 174.8771 0.0
vt 0 174.8771 0.0
vt 1 175.6854 0.0
vt 0 175.6854 0.0
vt 1 176.4935 0.0
vt 0 176.4935 0.0
vt 1 177.3009 0.0
vt 0 177.3009 0.0
vt 1 178.1068 0.0
vt 0 178.1068 0.0
vt 1 178.9103 0.0
vt 0 178.9103 0.0
vt 1 179.7107 0.0
vt 0 179.7107 0.0
vt 1 180.5491 0.0
vt 0 180.5491 0.0
vt 1 181.3822 0.0
vt 0 181.3822 0.0
vt 1 182.2093 0.0
vt 0 182.2093 0.0
vt 1 183.0295 0.0
vt 0 183.0295 0.0
vt 1 183.8419 0.0
vt 0 183.8419 0.0
vt 1 184.6459 0.0
vt 0 184.6459 0.0
vt 1 185.4802 0.0
vt 0 185.4802 0.0
vt 1 186.3037 0.0
vt 0 186.3037 0.0
vt 1 187.1158 0.0
vt 0 187.1158 0.0
vt 1 187.9161 0.0
vt 0 187.9161 0.0
vt 1 188.7416 0.0
vt 0 188.7416 0.0
vt 1 189.5537 0.0
vt 0 189.5537 0.0
vt 1 190.3888 0.0
vt 0 190.3888 0.0
vt 1 191.2103 0.0
vt 0 191.2103 0.0
vt 1 192.1614 0.0
vt 0 192.1614 0.0
vt 1 192.9976 0.0
vt 0 192.9976 0.0
vt 1 193.8311 0.0
vt 0 193.8311 0.0
vt 1 194.6634 0.0
vt 0 194.6634 0.0
vt 1 195.4956 0.0
vt 0 195.4956 0.0
vt 1 196.3284 0.0
vt 0 196.3284 0.0
vt 1 197.1622 0.0
vt 0 197.1622 0.0
vt 1 197.9974 0.0
vt 0 197.9974 0.0
vt 1 198.8335 0.0
vt 0 198.8335 0.0
vt 1 199.6703 0.0
vt 0 199.6703 0.0
vt 1 200.5071 0.0
vt 0 200.5071 0.0
vt 1 201.3433 0.0
vt 0 201.3433 0.0
vt 1 202.1777 0.0
vt 0 202.1777 0.0
vt 1 203.0095 0.0
vt 0 203.0095 0.0
vt 1 203.8375 0.0
vt 0 203.8375 0.0
vt 1 204.6604 0.0
vt 0 204.6604 0.0
vt 1 205.4769 0.0
vt 0 205.4769 0.0
vt 1 206.2859 0.0
vt 0 206.2859 0.0
vt 1 207.0858 0.0
vt 0 207.0858 0.0
vt 1 207.9168 0.0
vt 0 207.9168 0.0
vt 1 208.735 0.0
vt 0 208.735 0.0
vt 1 209.5391 0.0
vt 0 209.5391 0.0
vt 1 210.367 0.0
vt 0 210.367 0.0
vt 1 211.1769 0.0
vt 0 211.1769 0.0
vt 1 212.0051 0.0
vt 0 212.0051 0.0
vt 1 212.8122 0.0
vt 0 212.8122 0.0
vt 1 213.6335 0.0
vt 0 213.6335 0.0
vt 1 214.4671 0.0
vt 0 214.4671 0.0
vt 1 215.2794 0.0
vt 0 215.2794 0.0
vt 1 216.1071 0.0
vt 0 216.1071 0.0
vt 1 216.9225 0.0
vt 0 216.9225 0.0
vt 1 217.4297 0.0
vt 0 217.4297 0.0
vt 1 218.2499 0.0
vt 0 218.2499 0.0
vt 1 219.0784 0.0
vt 0 219.0784 0.0
vt 1 219.8877 0.0
vt 0 219.8877 0.0
vt 1 220.7214 0.0
vt 0 220.7214 0.0
vt 1 221.5412 0.0
vt 0 221.5412 0.0
vt 1 222.3438 0.0
vt 0 222.3438 0.0
vt 1 223.1689 0.0
vt 0 223.1689 0.0
vt 1 223.9696 0.0
vt 0 223.9696 0.0
vt 1 224.7865 0.0
vt 0 224.7865 0.0
vt 1 225.6169 0.0
vt 0 225.6169 0.0
vt 1 226.4576 0.0
vt 0 226.4576 0.0
vt 1 227.2581 0.0
vt 0 227.2581 0.0
vt 1 228.0617 0.0
vt 0 228.0617 0.0
vt 1 228.8653 0.0
vt 0 228.8653 0.0
vt 1 229.6656 0.0
vt 0 229.6656 0.0
vt 1 230.506 0.0
vt 0 230.506 0.0
vt 1 231.3353 0.0
vt 0 231.3353 0.0
vt 1 232.1499 0.0
vt 0 232.1499 0.0
vt 1 232.9898 0.0
vt 0 232.9898 0.0
vt 1 233.8055 0.0
vt 0 233.8055 0.0
vt 1 234.6343 0.0
vt 0 234.6343 0.0
vt 1 235.4682 0.0
vt 0 235.4682 0.0
vt 1 236.2995 0.0
vt 0 236.2995 0.0
vt 1 237.1219 0.0
vt 0 237.1219 0.0
vt 1 237.9331 0.0
vt 0 237.9331 0.0
vt 1 238.7381 0.0
vt 0 238.7381 0.0
vt 1 239.7507 0.0
vt 0 239.7507 0.0
vt 1 240.5809 0.0
vt 0 240.5809 0.0
vt 1 241.3872 0.0
vt 0 241.3872 0.0
vt 1 242.1992 0.0
vt 0 242.1992 0.0
vt 1 243.0138 0.0
vt 0 243.0138 0.0
vt 1 243.8264 0.0
vt 0 243.8264 0.0
vt 1 244.6316 0.0
vt 0 244.6316 0.0
vt 1 245.4643 0.0
vt 0 245.4643 0.0
vt 1 246.2813 0.0
vt 0 246.2813 0.0
vt 1 247.1197 0.0
vt 0 247.1197 0.0
vt 1 247.9341 0.0
vt 0 247.9341 0.0
vt 1 248.764 0.0
vt 0 248.764 0.0
vt 1 249.6071 0.0
vt 0 249.6071 0.0
vt 1 250.4162 0.0
vt 0 250.4162 0.0
vt 1 251.2333 0.0
vt 0 251.2333 0.0
vt 1 252.0564 0.0
vt 0 252.0564 0.0
vt 1 252.8835 0.0
vt 0 252.8835 0.0
vt 1 253.7124 0.0
vt 0 253.7124 0.0
vt 1 254.5411 0.0
vt 0 254.5411 0.0
vt 1 255.3673 0.0
vt 0 255.3673 0.0
vt 1 256.1889 0.0
vt 0 256.1889 0.0
vt 1 257.0037 0.0
vt 0 257.0037 0.0
vt 1 257.8093 0.0
vt 0 257.8093 0.0
vt 1 258.6474 0.0
vt 0 258.6474 0.0
vt 1 259.4702 0.0
vt 0 259.4702 0.0
vt 1 260.275 0.0
vt 0 260.275 0.0
vt 1 261.0999 0.0
vt 0 261.0999 0.0
vt 1 261.938 0.0
vt 0 261.938 0.0
vt 1 262.7439 0.0
vt 0 262.7439 0.0
vt 1 263.1859 0.0
vt 0 263.1859 0.0
vt 1 264.0121 0.0
vt 0 264.0121 0.0
vt 1 264.8199 0.0
vt 0 264.8199 0.0
vt 1 265.6494 0.0
vt 0 265.6494 0.0
vt 1 266.4648 0.0
vt 0 266.4648 0.0
vt 1 267.2692 0.0
vt 0 267.2692 0.0
vt 1 268.1019 0.0
vt 0 268.1019 0.0
vt 1 268.9297 0.0
vt 0 268.9297 0.0
vt 1 269.7564 0.0
vt 0 269.7564 0.0
vt 1 270.5854 0.0
vt 0 270.5854 0.0
vt 1 271.4204 0.0
vt 0 271.4204 0.0
vt 1 272.2279 0.0
vt 0 272.2279 0.0
vt 1 273.0471 0.0
vt 0 273.0471 0.0
vt 1 273.8808 0.0
vt 0 273.8808 0.0
vt 1 274.6929 0.0
vt 0 274.6929 0.0
vt 1 275.5233 0.0
vt 0 275.5233 0.0
vt 1 276.3333 0.0
vt 0 276.3333 0.0
vt 1 277.1641 0.0
vt 0 277.1641 0.0
vt 1 277.9743 0.0
vt 0 277.9743 0.0
vt 1 278.8066 0.0
vt 0 278.8066 0.0
vt 1 279.6169 0.0
vt 0 279.6169 0.0
vt 1 280.4499 0.0
vt 0 280.4499 0.0
vt 1 281.2585 0.0
vt 0 281.2585 0.0
vt 1 282.0896 0.0
vt 0 282.0896 0.0
vt 1 282.8932 0.0
vt 0 282.8932 0.0
vt 1 283.7185 0.0
vt 0 283.7185 0.0
vt 1 284.4073 0.0
vt 0 284.4073 0.0
vt 1 285.213 0.0
vt 0 285.213 0.0
vt 1 286.0237 0.0
vt 0 286.0237 0.0
vt 1 286.833 0.0
vt 0 286.833 0.0
vt 1 287.6353 0.0
vt 0 287.6353 0.0
vt 1 288.4634 0.0
vt 0 288.4634 0.0
vt 1 289.2764 0.0
vt 0 289.2764 0.0
vt 1 290.1099 0.0
vt 0 290.1099 0.0
vt 1 290.9215 0.0
vt 0 290.9215 0.0
vt 1 291.7491 0.0
vt 0 291.7491 0.0
vt 1 292.5489 0.0
vt 0 292.5489 0.0
vt 1 293.3608 0.0
vt 0 293.3608 0.0
vt 1 294.1837 0.0
vt 0 294.1837 0.0
vt 1 295.0163 0.0
vt 0 295.0163 0.0
vt 1 295.8575 0.0
vt 0 295.8575 0.0
vt 1 296.6614 0.0
vt 0 296.6614 0.0
vt 1 297.471 0.0
vt 0 297.471 0.0
vt 1 298.2853 0.0
vt 0 298.2853 0.0
vt 1 299.1033 0.0
vt 0 299.1033 0.0
vt 1 299.924 0.0
vt 0 299.924 0.0
vt 1 300.7463 0.0
vt 0 300.7463 0.0
vt 1 301.5694 0.0
vt 0 301.5694 0.0
vt 1 302.3922 0.0
vt 0 302.3922 0.0
vt 1 303.2137 0.0
vt 0 303.2137 0.0
vt 1 304.0328 0.0
vt 0 304.0328 0.0
vt 1 304.8486 0.0
vt 0 304.8486 0.0
vt 1 305.6601 0.0
vt 0 305.6601 0.0
vt 1 306.4663 0.0
vt 0 306.4663 0.0
vt 1 307.2662 0.0
vt 0 307.2662 0.0
vt 1 308.1025 0.0
vt 0 308.1025 0.0
vt 1 308.9295 0.0
vt 0 308.9295 0.0
vt 1 309.7461 0.0
vt 0 309.7461 0.0
vt 1 310.551 0.0
vt 0 310.551 0.0
vt 1 311.3845 0.0
vt 0 311.3845 0.0
vt 1 312.2025 0.0
vt 0 312.2025 0.0
vt 1 313.0037 0.0
vt 0 313.0037 0.0
vt 1 313.8254 0.0
vt 0 313.8254 0.0
vt 1 314.6257 0.0
vt 0 314.6257 0.0
vt 1 315.4396 0.0
vt 0 315.4396 0.0
vt 1 316.2618 0.0
vt 0 316.2618 0.0
vt 1 317.0866 0.0
vt 0 317.0866 0.0
vt 1 317.9077 0.0
vt 0 317.9077 0.0
vt 1 318.7183 0.0
vt 0 318.7183 0.0
vt 1 319.5392 0.0
vt 0 319.5392 0.0
vt 1 320.1128 0.0
vt 0 320.1128 0.0
vt 1 320.9474 0.0
vt 0 320.9474 0.0
vt 1 321.7505 0.0
vt 0 321.7505 0.0
vt 1 322.5812 0.0
vt 0 322.5812 0.0
vt 1 323.4327 0.0
vt 0 323.4327 0.0
vt 1 324.2456 0.0
vt 0 324.2456 0.0
vt 1 325.0719 0.0
vt 0 325.0719 0.0
vt 1 325.9058 0.0
vt 0 325.9058 0.0
vt 1 326.7422 0.0
vt 0 326.7422 0.0
vt 1 327.5773 0.0
vt 0 327.5773 0.0
vt 1 328.4087 0.0
vt 0 328.4087 0.0
vt 1 329.2366 0.0
vt 0 329.2366 0.0
vt 1 330.0647 0.0
vt 0 330.0647 0.0
vt 1 330.8648 0.0
vt 0 330.8648 0.0
vt 1 331.6862 0.0
vt 0 331.6862 0.0
vt 1 332.5088 0.0
vt 0 332.5088 0.0
vt 1 333.3122 0.0
vt 0 333.3122 0.0
vt 1 334.1458 0.0
vt 0 334.1458 0.0
vt 1 334.9817 0.0
vt 0 334.9817 0.0
vt 1 335.8231 0.0
vt 0 335.8231 0.0
vt 1 336.245 0.0
vt 0 336.245 0.0
vt 1 337.0524 0.0
vt 0 337.0524 0.0
vt 1 337.8553 0.0
vt 0 337.8553 0.0
vt 1 338.6604 0.0
vt 0 338.6604 0.0
vt 1 339.4857 0.0
vt 0 339.4857 0.0
vt 1 340.3217 0.0
vt 0 340.3217 0.0
vt 1 341.1595 0.0
vt 0 341.1595 0.0
vt 1 341.9908 0.0
vt 0 341.9908 0.0
vt 1 342.8089 0.0
vt 0 342.8089 0.0
vt 1 343.6499 0.0
vt 0 343.6499 0.0
vt 1 344.4679 0.0
vt 0 344.4679 0.0
vt 1 345.302 0.0
vt 0 345.302 0.0
vt 1 346.1052 0.0
vt 0 346.1052 0.0
vt 1 346.9189 0.0
vt 0 346.9189 0.0
vt 1 347.7413 0.0
vt 0 347.7413 0.0
vt 1 348.5703 0.0
vt 0 348.5703 0.0
vt 1 349.4039 0.0
vt 0 349.4039 0.0
vt 1 350.2403 0.0
vt 0 350.2403 0.0
vt 1 351.0773 0.0
vt 0 351.0773 0.0
vt 1 351.913 0.0
vt 0 351.913 0.0
vt 1 352.7455 0.0
vt 0 352.7455 0.0
vt 1 353.5727 0.0
vt 0 353.5727 0.0
vt 1 354.3925 0.0
vt 0 354.3925 0.0
vt 1 355.2032 0.0
vt 0 355.2032 0.0
vt 1 356.0467 0.0
vt 0 356.0467 0.0
vt 1 356.8753 0.0
vt 0 356.8753 0.0
vt 1 357.6869 0.0
vt 0 357.6869 0.0
vt 1 358.5202 0.0
vt 0 358.5202 0.0
vt 1 359.3294 0.0
vt 0 359.3294 0.0
vt 1 360.1504 0.0
vt 0 360.1504 0.0
vt 1 360.9758 0.0
vt 0 360.9758 0.0
vt 1 361.7973 0.0
vt 0 361.7973 0.0
vt 1 362.2292 0.0
vt 0 362.2292 0.0
vt 1 363.053 0.0
vt 0 363.053 0.0
vt 1 363.8808 0.0
vt 0 363.8808 0.0
vt 1 364.7113 0.0
vt 0 364.7113 0.0
vt 1 365.5431 0.0
vt 0 365.5431 0.0
vt 1 366.3747 0.0
vt 0 366.3747 0.0
vt 1 367.205 0.0
vt 0 367.205 0.0
vt 1 368.0327 0.0
vt 0 368.0327 0.0
vt 1 368.8569 0.0
vt 0 368.8569 0.0
vt 1 369.6765 0.0
vt 0 369.6765 0.0
vt 1 370.4908 0.0
vt 0 370.4908 0.0
vt 1 371.2991 0.0
vt 0 371.2991 0.0
vt 1 372.1008 0.0
vt 0 372.1008 0.0
vt 1 372.9374 0.0
vt 0 372.9374 0.0
vt 1 373.7663 0.0
vt 0 373.7663 0.0
vt 1 374.5877 0.0
vt 0 374.5877 0.0
vt 1 375.4023 0.0
vt 0 375.4023 0.0
vt 1 376.2109 0.0
vt 0 376.2109 0.0
vt 1 377.0147 0.0
vt 0 377.0147 0.0
vt 1 377.8156 0.0
vt 0 377.8156 0.0
vt 1 378.6157 0.0
vt 0 378.6157 0.0
vt 1 379.4176 0.0
vt 0 379.4176 0.0
vt 1 380.2245 0.0
vt 0 380.2245 0.0
vt 1 381.0397 0.0
vt 0 381.0397 0.0
vt 1 381.8673 0.0
vt 0 381.8673 0.0
vt 1 382.6688 0.0
vt 0 382.6688 0.0
vt 1 383.1964 0.0
vt 0 383.1964 0.0
vt 1 384.0152 0.0
vt 0 384.0152 0.0
vt 1 384.8207 0.0
vt 0 384.8207 0.0
vt 1 385.6361 0.0
vt 0 385.6361 0.0
vt 1 386.4558 0.0
vt 0 386.4558 0.0
vt 1 387.274 0.0
vt 0 387.274 0.0
vt 1 388.0853 0.0
vt 0 388.0853 0.0
vt 1 388.923 0.0
vt 0 388.923 0.0
vt 1 389.7459 0.0
vt 0 389.7459 0.0
vt 1 390.5492 0.0
vt 0 390.5492 0.0
vt 1 391.3702 0.0
vt 0 391.3702 0.0
vt 1 392.2075 0.0
vt 0 392.2075 0.0
vt 1 393.0166 0.0
vt 0 393.0166 0.0
vt 1 393.8377 0.0
vt 0 393.8377 0.0
vt 1 394.6694 0.0
vt 0 394.6694 0.0
vt 1 395.5103 0.0
vt 0 395.5103 0.0
vt 1 396.3142 0.0
vt 0 396.3142 0.0
vt 1 397.1239 0.0
vt 0 397.1239 0.0
vt 1 397.9382 0.0
vt 0 397.9382 0.0
vt 1 398.7557 0.0
vt 0 398.7557 0.0
vt 1 399.5753 0.0
vt 0 399.5753 0.0
vt 1 400.3958 0.0
vt 0 400.3958 0.0
vt 1 401.2157 0.0
vt 0 401.2157 0.0
vt 1 402.0338 0.0
vt 0 402.0338 0.0
vt 1 402.8489 0.0
vt 0 402.8489 0.0
vt 1 403.6597 0.0
vt 0 403.6597 0.0
vt 1 404.4648 0.0
vt 0 404.4648 0.0
vt 1 405.307 0.0
vt 0 405.307 0.0
vt 1 406.14 0.0
vt 0 406.14 0.0
vt 1 406.9622 0.0
vt 0 406.9622 0.0
vt 1 407.772 0.0
vt 0 407.772 0.0
vt 1 408.6093 0.0
vt 0 408.6093 0.0
vt 1 409.4294 0.0
vt 0 409.4294 0.0
vt 1 410.2304 0.0
vt 0 410.2304 0.0
vt 1 411.0491 0.0
vt 0 411.0491 0.0
vt 1 411.8797 0.0
vt 0 411.8797 0.0
vt 1 412.6804 0.0
vt 0 412.6804 0.0
vt 1 413.4828 0.0
vt 0 413.4828 0.0
vt 1 413.9555 0.0
vt 0 413.9555 0.0
vt 1 414.7831 0.0
vt 0 414.7831 0.0
vt 1 415.6286 0.0
vt 0 415.6286 0.0
vt 1 416.4452 0.0
vt 0 416.4452 0.0
vt 1 417.2784 0.0
vt 0 417.2784 0.0
vt 1 418.0852 0.0
vt 0 418.0852 0.0
vt 1 418.9091 0.0
vt 0 418.9091 0.0
vt 1 419.7101 0.0
vt 0 419.7101 0.0
vt 1 420.5302 0.0
vt 0 420.5302 0.0
vt 1 421.3322 0.0
vt 0 421.3322 0.0
vt 1 422.1568 0.0
vt 0 422.1568 0.0
vt 1 422.9694 0.0
vt 0 422.9694 0.0
vt 1 423.7734 0.0
vt 0 423.7734 0.0
vt 1 424.609 0.0
vt 0 424.609 0.0
vt 1 425.4434 0.0
vt 0 425.4434 0.0
vt 1 426.2441 0.0
vt 0 426.2441 0.0
vt 1 427.051 0.0
vt 0 427.051 0.0
vt 1 427.8674 0.0
vt 0 427.8674 0.0
vt 1 428.6971 0.0
vt 0 428.6971 0.0
vt 1 429.5049 0.0
vt 0 429.5049 0.0
vt 1 430.3313 0.0
vt 0 430.3313 0.0
vt 1 431.139 0.0
vt 0 431.139 0.0
vt 1 431.9699 0.0
vt 0 431.9699 0.0
vt 1 432.7835 0.0
vt 0 432.7835 0.0
vt 1 433.6236 0.0
vt 0 433.6236 0.0
vt 1 434.3444 0.0
vt 0 434.3444 0.0
vt 1 435.1478 0.0
vt 0 435.1478 0.0
vt 1 435.9812 0.0
vt 0 435.9812 0.0
vt 1 436.8114 0.0
vt 0 436.8114 0.0
vt 1 437.6399 0.0
vt 0 437.6399 0.0
vt 1 438.4684 0.0
vt 0 438.4684 0.0
vt 1 439.2985 0.0
vt 0 439.2985 0.0
vt 1 440.1318 0.0
vt 0 440.1318 0.0
vt 1 440.9349 0.0
vt 0 440.9349 0.0
vt 1 441.7438 0.0
vt 0 441.7438 0.0
vt 1 442.5599 0.0
vt 0 442.5599 0.0
vt 1 443.3846 0.0
vt 0 443.3846 0.0
vt 1 444.2193 0.0
vt 0 444.2193 0.0
vt 1 445.0283 0.0
vt 0 445.0283 0.0
vt 1 445.8489 0.0
vt 0 445.8489 0.0
vt 1 446.6823 0.0
vt 0 446.6823 0.0
vt 1 447.4908 0.0
vt 0 447.4908 0.0
vt 1 448.3131 0.0
vt 0 448.3131 0.0
vt 1 449.1503 0.0
vt 0 449.1503 0.0
vt 1 449.9623 0.0
vt 0 449.9623 0.0
vt 1 450.7896 0.0
vt 0 450.7896 0.0
vt 1 451.5906 0.0
vt 0 451.5906 0.0
vt 1 452.407 0.0
vt 0 452.407 0.0
vt 1 453.2396 0.0
vt 0 453.2396 0.0
vt 1 454.0439 0.0
vt 0 454.0439 0.0
vt 1 454.8642 0.0
vt 0 454.8642 0.0
vt 1 455.701 0.0
vt 0 455.701 0.0
vt 1 456.5071 0.0
vt 0 456.5071 0.0
vt 1 457.3292 0.0
vt 0 457.3292 0.0
vt 1 458.1678 0.0
vt 0 458.1678 0.0
vt 1 458.9725 0.0
vt 0 458.9725 0.0
vt 1 459.7929 0.0
vt 0 459.7929 0.0
vt 1 460.6294 0.0
vt 0 460.6294 0.0
vt 1 461.2214 0.0
vt 0 461.2214 0.0
vt 1 462.0284 0.0
vt 0 462.0284 0.0
vt 1 462.8538 0.0
vt 0 462.8538 0.0
vt 1 463.663 0.0
vt 0 463.663 0.0
vt 1 464.4879 0.0
vt 0 464.4879 0.0
vt 1 465.2927 0.0
vt 0 465.2927 0.0
vt 1 466.111 0.0
vt 0 466.111 0.0
vt 1 466.9421 0.0
vt 0 466.9421 0.0
vt 1 467.7487 0.0
vt 0 467.7487 0.0
vt 1 468.5661 0.0
vt 0 468.5661 0.0
vt 1 469.3939 0.0
vt 0 469.3939 0.0
vt 1 470.2317 0.0
vt 0 470.2317 0.0
vt 1 471.0402 0.0
vt 0 471.0402 0.0
vt 1 471.8569 0.0
vt 0 471.8569 0.0
vt 1 472.6815 0.0
vt 0 472.6815 0.0
vt 1 473.5135 0.0
vt 0 473.5135 0.0
vt 1 474.3525 0.0
vt 0 474.3525 0.0
vt 1 475.1577 0.0
vt 0 475.1577 0.0
vt 1 475.9686 0.0
vt 0 475.9686 0.0
vt 1 476.7848 0.0
vt 0 476.7848 0.0
vt 1 477.606 0.0
vt 0 477.606 0.0
vt 1 478.4317 0.0
vt 0 478.4317 0.0
vt 1 479.2618 0.0
vt 0 479.2618 0.0
vt 1 480.0957 0.0
vt 0 480.0957 0.0
vt 1 480.9333 0.0
vt 0 480.9333 0.0
vt 1 481.774 0.0
vt 0 481.774 0.0
vt 1 482.5754 0.0
vt 0 482.5754 0.0
vt 1 483.3791 0.0
vt 0 483.3791 0.0
vt 1 484.1848 0.0
vt 0 484.1848 0.0
vt 1 484.9922 0.0
vt 0 484.9922 0.0
vt 1 485.8011 0.0
vt 0 485.8011 0.0
vt 1 486.611 0.0
vt 0 486.611 0.0
vt 1 487.4218 0.0
vt 0 487.4218 0.0
vt 1 488.2331 0.0
vt 0 488.2331 0.0
vt 1 489.0446 0.0
vt 0 489.0446 0.0
vt 1 489.8562 0.0
vt 0 489.8562 0.0
vt 1 490.6673 0.0
vt 0 490.6673 0.0
vt 1 491.4778 0.0
vt 0 491.4778 0.0
vt 1 492.2874 0.0
vt 0 492.2874 0.0
vt 1 493.0957 0.0
vt 0 493.0957 0.0
vt 1 493.9025 0.0
vt 0 493.9025 0.0
vt 1 494.7075 0.0
vt 0 494.7075 0.0
vt 1 495.5103 0.0
vt 0 495.5103 0.0
vt 1 496.3108 0.0
vt 0 496.3108 0.0
vt 1 497.1505 0.0
vt 0 497.1505 0.0
vt 1 497.9869 0.0
vt 0 497.9869 0.0
vt 1 498.8196 0.0
vt 0 498.8196 0.0
vt 1 499.6483 0.0
vt 0 499.6483 0.0
vt 1 500.4727 0.0
vt 0 500.4727 0.0
vt 1 501.2923 0.0
vt 0 501.2923 0.0
vt 1 502.107 0.0
vt 0 502.107 0.0
vt 1 502.9163 0.0
vt 0 502.9163 0.0
vt 1 503.72 0.0
vt 0 503.72 0.0
vt 1 504.5573 0.0
vt 0 504.5573 0.0
vt 1 505.3878 0.0
vt 0 505.3878 0.0
vt 1 506.3105 0.0
vt 0 506.3105 0.0
vt 1 507.1288 0.0
vt 0 507.1288 0.0
vt 1 507.9472 0.0
vt 0 507.9472 0.0
vt 1 508.7658 0.0
vt 0 508.7658 0.0
vt 1 509.5845 0.0
vt 0 509.5845 0.0
vt 1 510.4033 0.0
vt 0 510.4033 0.0
vt 1 511.2222 0.0
vt 0 511.2222 0.0
vt 1 512.0411 0.0
vt 0 512.0411 0.0
vt 1 512.86 0.0
vt 0 512.86 0.0
vt 1 513.679 0.0
vt 0 513.679 0.0
vt 1 514.4978 0.0
vt 0 514.4978 0.0
vt 1 515.3165 0.0
vt 0 515.3165 0.0
vt 1 516.1349 0.0
vt 0 516.1349 0.0
vt 1 516.9533 0.0
vt 0 516.9533 0.0
vt 1 517.7713 0.0
vt 0 517.7713 0.0
vt 1 518.5889 0.0
vt 0 518.5889 0.0
vt 1 519.4061 0.0
vt 0 519.4061 0.0
vt 1 520.223 0.0
vt 0 520.223 0.0
vt 1 521.0392 0.0
vt 0 521.0392 0.0
vt 1 521.8548 0.0
vt 0 521.8548 0.0
vt 1 522.6697 0.0
vt 0 522.6697 0.0
vt 1 523.484 0.0
vt 0 523.484 0.0
vt 1 524.2975 0.0
vt 0 524.2975 0.0
vt 1 525.11 0.0
vt 0 525.11 0.0
vt 1 525.9216 0.0
vt 0 525.9216 0.0
vt 1 526.7322 0.0
vt 0 526.7322 0.0
vt 1 527.5417 0.0
vt 0 527.5417 0.0
vt 1 528.35 0.0
vt 0 528.35 0.0
vt 1 529.1571 0.0
vt 0 529.1571 0.0
vt 1 529.9628 0.0
vt 0 529.9628 0.0
vt 1 530.7672 0.0
vt 0 530.7672 0.0
vt 1 531.5701 0.0
vt 0 531.5701 0.0
vt 1 532.3716 0.0
vt 0 532.3716 0.0
vt 1 533.1713 0.0
vt 0 533.1713 0.0
vt 1 534.0093 0.0
vt 0 534.0093 0.0
vt 1 534.8453 0.0
vt 0 534.8453 0.0
vt 1 535.6794 0.0
vt 0 535.6794 0.0
vt 1 536.5114 0.0
vt 0 536.5114 0.0
vt 1 537.3413 0.0
vt 0 537.3413 0.0
vt 1 538.1689 0.0
vt 0 538.1689 0.0
vt 1 538.9943 0.0
vt 0 538.9943 0.0
vt 1 539.8174 0.0
vt 0 539.8174 0.0
vt 1 540.6381 0.0
vt 0 540.6381 0.0
vt 1 541.4564 0.0
vt 0 541.4564 0.0
vt 1 542.2721 0.0
vt 0 542.2721 0.0
vt 1 543.0853 0.0
vt 0 543.0853 0.0
vt 1 543.8961 0.0
vt 0 543.8961 0.0
vt 1 544.7041 0.0
vt 0 544.7041 0.0
vt 1 545.5095 0.0
vt 0 545.5095 0.0
vt 1 546.3124 0.0
vt 0 546.3124 0.0
vt 1 547.1125 0.0
vt 0 547.1125 0.0
vt 1 547.9479 0.0
vt 0 547.9479 0.0
vt 1 548.7804 0.0
vt 0 548.7804 0.0
vt 1 549.2664 0.0
vt 0 549.2664 0.0
vt 1 550.0722 0.0
vt 0 550.0722 0.0
vt 1 550.8857 0.0
vt 0 550.8857 0.0
vt 1 551.7064 0.0
vt 0 551.7064 0.0
vt 1 552.5339 0.0
vt 0 552.5339 0.0
vt 1 553.3675 0.0
vt 0 553.3675 0.0
vt 1 554.2066 0.0
vt 0 554.2066 0.0
vt 1 555.0507 0.0
vt 0 555.0507 0.0
vt 1 555.8544 0.0
vt 0 555.8544 0.0
vt 1 556.6616 0.0
vt 0 556.6616 0.0
vt 1 557.4718 0.0
vt 0 557.4718 0.0
vt 1 558.2844 0.0
vt 0 558.2844 0.0
vt 1 559.0989 0.0
vt 0 559.0989 0.0
vt 1 559.9149 0.0
vt 0 559.9149 0.0
vt 1 560.7317 0.0
vt 0 560.7317 0.0
vt 1 561.549 0.0
vt 0 561.549 0.0
vt 1 562.3661 0.0
vt 0 562.3661 0.0
vt 1 563.1827 0.0
vt 0 563.1827 0.0
vt 1 563.9981 0.0
vt 0 563.9981 0.0
vt 1 564.8118 0.0
vt 0 564.8118 0.0
vt 1 565.6234 0.0
vt 0 565.6234 0.0
vt 1 566.4321 0.0
vt 0 566.4321 0.0
vt 1 567.2376 0.0
vt 0 567.2376 0.0
vt 1 568.0394 0.0
vt 0 568.0394 0.0
vt 1 568.881 0.0
vt 0 568.881 0.0
vt 1 569.7172 0.0
vt 0 569.7172 0.0
vt 1 570.5473 0.0
vt 0 570.5473 0.0
vt 1 571.3707 0.0
vt 0 571.3707 0.0
vt 1 572.1868 0.0
vt 0 572.1868 0.0
vt 1 572.995 0.0
vt 0 572.995 0.0
vt 1 573.8364 0.0
vt 0 573.8364 0.0
vt 1 574.6676 0.0
vt 0 574.6676 0.0
vt 1 575.4879 0.0
vt 0 575.4879 0.0
vt 1 576.2964 0.0
vt 0 576.2964 0.0
vt 1 577.132 0.0
vt 0 577.132 0.0
vt 1 577.9529 0.0
vt 0 577.9529 0.0
vt 1 578.7585 0.0
vt 0 578.7585 0.0
vt 1 579.585 0.0
vt 0 579.585 0.0
vt 1 580.3926 0.0
vt 0 580.3926 0.0
vt 1 581.2158 0.0
vt 0 581.2158 0.0
vt 1 582.0162 0.0
vt 0 582.0162 0.0
vt 1 582.826 0.0
vt 0 582.826 0.0
vt 1 583.6404 0.0
vt 0 583.6404 0.0
vt 1 584.4546 0.0
vt 0 584.4546 0.0
vt 1 585.2629 0.0
vt 0 585.2629 0.0
vt 1 586.0869 0.0
vt 0 586.0869 0.0
vt 1 586.8889 0.0
vt 0 586.8889 0.0
vt 1 587.6483 0.0
vt 0 587.6483 0.0
vt 1 588.5481 0.0
vt 0 588.5481 0.0
vt 1 589.3608 0.0
vt 0 589.3608 0.0
vt 1 590.177 0.0
vt 0 590.177 0.0
vt 1 591.044 0.0
vt 0 591.044 0.0
vt 1 591.8998 0.0
vt 0 591.8998 0.0
vt 1 592.7322 0.0
vt 0 592.7322 0.0
vt 1 593.5472 0.0
vt 0 593.5472 0.0
vt 1 594.3481 0.0
vt 0 594.3481 0.0
vt 1 595.1667 0.0
vt 0 595.1667 0.0
vt 1 595.8831 0.0
vt 0 595.8831 0.0
vt 1 596.7009 0.0
vt 0 596.7009 0.0
vt 1 597.529 0.0
vt 0 597.529 0.0
vt 1 598.3323 0.0
vt 0 598.3323 0.0
vt 1 599.1525 0.0
vt 0 599.1525 0.0
vt 1 599.9637 0.0
vt 0 599.9637 0.0
vt 1 600.7943 0.0
vt 0 600.7943 0.0
vt 1 601.6277 0.0
vt 0 601.6277 0.0
vt 1 602.4468 0.0
vt 0 602.4468 0.0
vt 1 603.2794 0.0
vt 0 603.2794 0.0
vt 1 604.097 0.0
vt 0 604.097 0.0
vt 1 604.8983 0.0
vt 0 604.8983 0.0
vt 1 606 0.0
vt 0 606 0.0


usemtl material
usemap material
f 1/1/1 2/2/2 3/3/3
s 1
f 4/4/4 2/2/2 1/1/1
s 1
f 4/4/4 5/5/5 2/2/2
s 1
f 6/6/6 5/5/5 4/4/4
s 1
f 6/6/6 7/7/7 5/5/5
s 1
f 8/8/8 7/7/7 6/6/6
s 1
f 8/8/8 9/9/9 7/7/7
s 1
f 10/10/10 9/9/9 8/8/8
s 1
f 10/10/10 11/11/11 9/9/9
s 1
f 12/12/12 11/11/11 10/10/10
s 1
f 12/12/12 13/13/13 11/11/11
s 1
f 14/14/14 13/13/13 12/12/12
s 1
f 14/14/14 15/15/15 13/13/13
s 1
f 16/16/16 15/15/15 14/14/14
s 1
f 16/16/16 17/17/17 15/15/15
s 1
f 18/18/18 17/17/17 16/16/16
s 1
f 18/18/18 19/19/19 17/17/17
s 1
f 20/20/20 19/19/19 18/18/18
s 1
f 20/20/20 21/21/21 19/19/19
s 1
f 22/22/22 21/21/21 20/20/20
s 1
f 22/22/22 23/23/23 21/21/21
s 1
f 24/24/24 23/23/23 22/22/22
s 1
f 24/24/24 25/25/25 23/23/23
s 1
f 26/26/26 25/25/25 24/24/24
s 1
f 26/26/26 27/27/27 25/25/25
s 1
f 28/28/28 27/27/27 26/26/26
s 1
f 28/28/28 29/29/29 27/27/27
s 1
f 30/30/30 29/29/29 28/28/28
s 1
f 30/30/30 31/31/31 29/29/29
s 1
f 32/32/32 31/31/31 30/30/30
s 1
f 32/32/32 33/33/33 31/31/31
s 1
f 34/34/34 33/33/33 32/32/32
s 1
f 34/34/34 35/35/35 33/33/33
s 1
f 36/36/36 35/35/35 34/34/34
s 1
f 36/36/36 37/37/37 35/35/35
s 1
f 38/38/38 37/37/37 36/36/36
s 1
f 38/38/38 39/39/39 37/37/37
s 1
f 40/40/40 39/39/39 38/38/38
s 1
f 40/40/40 41/41/41 39/39/39
s 1
f 42/42/42 41/41/41 40/40/40
s 1
f 42/42/42 43/43/43 41/41/41
s 1
f 44/44/44 43/43/43 42/42/42
s 1
f 44/44/44 45/45/45 43/43/43
s 1
f 46/46/46 45/45/45 44/44/44
s 1
f 46/46/46 47/47/47 45/45/45
s 1
f 48/48/48 47/47/47 46/46/46
s 1
f 48/48/48 49/49/49 47/47/47
s 1
f 50/50/50 49/49/49 48/48/48
s 1
f 50/50/50 51/51/51 49/49/49
s 1
f 52/52/52 51/51/51 50/50/50
s 1
f 52/52/52 53/53/53 51/51/51
s 1
f 54/54/54 53/53/53 52/52/52
s 1
f 54/54/54 55/55/55 53/53/53
s 1
f 56/56/56 55/55/55 54/54/54
s 1
f 56/56/56 57/57/57 55/55/55
s 1
f 58/58/58 57/57/57 56/56/56
s 1
f 58/58/58 59/59/59 57/57/57
s 1
f 60/60/60 59/59/59 58/58/58
s 1
f 60/60/60 61/61/61 59/59/59
s 1
f 62/62/62 61/61/61 60/60/60
s 1
f 62/62/62 63/63/63 61/61/61
s 1
f 64/64/64 63/63/63 62/62/62
s 1
f 64/64/64 65/65/65 63/63/63
s 1
f 66/66/66 65/65/65 64/64/64
s 1
f 66/66/66 67/67/67 65/65/65
s 1
f 68/68/68 67/67/67 66/66/66
s 1
f 68/68/68 69/69/69 67/67/67
s 1
f 70/70/70 69/69/69 68/68/68
s 1
f 70/70/70 71/71/71 69/69/69
s 1
f 72/72/72 71/71/71 70/70/70
s 1
f 72/72/72 73/73/73 71/71/71
s 1
f 74/74/74 73/73/73 72/72/72
s 1
f 74/74/74 75/75/75 73/73/73
s 1
f 76/76/76 75/75/75 74/74/74
s 1
f 76/76/76 77/77/77 75/75/75
s 1
f 78/78/78 77/77/77 76/76/76
s 1
f 78/78/78 79/79/79 77/77/77
s 1
f 80/80/80 79/79/79 78/78/78
s 1
f 80/80/80 81/81/81 79/79/79
s 1
f 82/82/82 81/81/81 80/80/80
s 1
f 82/82/82 83/83/83 81/81/81
s 1
f 84/84/84 83/83/83 82/82/82
s 1
f 84/84/84 85/85/85 83/83/83
s 1
f 86/86/86 85/85/85 84/84/84
s 1
f 86/86/86 87/87/87 85/85/85
s 1
f 88/88/88 87/87/87 86/86/86
s 1
f 88/88/88 89/89/89 87/87/87
s 1
f 90/90/90 89/89/89 88/88/88
s 1
f 90/90/90 91/91/91 89/89/89
s 1
f 92/92/92 91/91/91 90/90/90
s 1
f 92/92/92 93/93/93 91/91/91
s 1
f 94/94/94 93/93/93 92/92/92
s 1
f 94/94/94 95/95/95 93/93/93
s 1
f 96/96/96 95/95/95 94/94/94
s 1
f 96/96/96 97/97/97 95/95/95
s 1
f 98/98/98 97/97/97 96/96/96
s 1
f 98/98/98 99/99/99 97/97/97
s 1
f 100/100/100 99/99/99 98/98/98
s 1
f 100/100/100 101/101/101 99/99/99
s 1
f 102/102/102 101/101/101 100/100/100
s 1
f 102/102/102 103/103/103 101/101/101
s 1
f 104/104/104 103/103/103 102/102/102
s 1
f 104/104/104 105/105/105 103/103/103
s 1
f 106/106/106 105/105/105 104/104/104
s 1
f 106/106/106 107/107/107 105/105/105
s 1
f 108/108/108 107/107/107 106/106/106
s 1
f 108/108/108 109/109/109 107/107/107
s 1
f 110/110/110 109/109/109 108/108/108
s 1
f 110/110/110 111/111/111 109/109/109
s 1
f 112/112/112 111/111/111 110/110/110
s 1
f 112/112/112 113/113/113 111/111/111
s 1
f 114/114/114 113/113/113 112/112/112
s 1
f 114/114/114 115/115/115 113/113/113
s 1
f 116/116/116 115/115/115 114/114/114
s 1
f 116/116/116 117/117/117 115/115/115
s 1
f 118/118/118 117/117/117 116/116/116
s 1
f 118/118/118 119/119/119 117/117/117
s 1
f 120/120/120 119/119/119 118/118/118
s 1
f 120/120/120 121/121/121 119/119/119
s 1
f 122/122/122 121/121/121 120/120/120
s 1
f 122/122/122 123/123/123 121/121/121
s 1
f 124/124/124 123/123/123 122/122/122
s 1
f 124/124/124 125/125/125 123/123/123
s 1
f 126/126/126 125/125/125 124/124/124
s 1
f 126/126/126 127/127/127 125/125/125
s 1
f 128/128/128 127/127/127 126/126/126
s 1
f 128/128/128 129/129/129 127/127/127
s 1
f 130/130/130 129/129/129 128/128/128
s 1
f 130/130/130 131/131/131 129/129/129
s 1
f 132/132/132 131/131/131 130/130/130
s 1
f 132/132/132 133/133/133 131/131/131
s 1
f 134/134/134 133/133/133 132/132/132
s 1
f 134/134/134 135/135/135 133/133/133
s 1
f 136/136/136 135/135/135 134/134/134
s 1
f 136/136/136 137/137/137 135/135/135
s 1
f 138/138/138 137/137/137 136/136/136
s 1
f 138/138/138 139/139/139 137/137/137
s 1
f 140/140/140 139/139/139 138/138/138
s 1
f 140/140/140 141/141/141 139/139/139
s 1
f 142/142/142 141/141/141 140/140/140
s 1
f 142/142/142 143/143/143 141/141/141
s 1
f 144/144/144 143/143/143 142/142/142
s 1
f 144/144/144 145/145/145 143/143/143
s 1
f 146/146/146 145/145/145 144/144/144
s 1
f 146/146/146 147/147/147 145/145/145
s 1
f 148/148/148 147/147/147 146/146/146
s 1
f 148/148/148 149/149/149 147/147/147
s 1
f 150/150/150 149/149/149 148/148/148
s 1
f 150/150/150 151/151/151 149/149/149
s 1
f 152/152/152 151/151/151 150/150/150
s 1
f 152/152/152 153/153/153 151/151/151
s 1
f 154/154/154 153/153/153 152/152/152
s 1
f 154/154/154 155/155/155 153/153/153
s 1
f 156/156/156 155/155/155 154/154/154
s 1
f 156/156/156 157/157/157 155/155/155
s 1
f 158/158/158 157/157/157 156/156/156
s 1
f 158/158/158 159/159/159 157/157/157
s 1
f 160/160/160 159/159/159 158/158/158
s 1
f 160/160/160 161/161/161 159/159/159
s 1
f 162/162/162 161/161/161 160/160/160
s 1
f 162/162/162 163/163/163 161/161/161
s 1
f 164/164/164 163/163/163 162/162/162
s 1
f 164/164/164 165/165/165 163/163/163
s 1
f 166/166/166 165/165/165 164/164/164
s 1
f 166/166/166 167/167/167 165/165/165
s 1
f 168/168/168 167/167/167 166/166/166
s 1
f 168/168/168 169/169/169 167/167/167
s 1
f 170/170/170 169/169/169 168/168/168
s 1
f 170/170/170 171/171/171 169/169/169
s 1
f 172/172/172 171/171/171 170/170/170
s 1
f 172/172/172 173/173/173 171/171/171
s 1
f 174/174/174 173/173/173 172/172/172
s 1
f 174/174/174 175/175/175 173/173/173
s 1
f 176/176/176 175/175/175 174/174/174
s 1
f 176/176/176 177/177/177 175/175/175
s 1
f 178/178/178 177/177/177 176/176/176
s 1
f 178/178/178 179/179/179 177/177/177
s 1
f 180/180/180 179/179/179 178/178/178
s 1
f 180/180/180 181/181/181 179/179/179
s 1
f 182/182/182 181/181/181 180/180/180
s 1
f 182/182/182 183/183/183 181/181/181
s 1
f 184/184/184 183/183/183 182/182/182
s 1
f 184/184/184 185/185/185 183/183/183
s 1
f 186/186/186 185/185/185 184/184/184
s 1
f 186/186/186 187/187/187 185/185/185
s 1
f 188/188/188 187/187/187 186/186/186
s 1
f 188/188/188 189/189/189 187/187/187
s 1
f 190/190/190 189/189/189 188/188/188
s 1
f 190/190/190 191/191/191 189/189/189
s 1
f 192/192/192 191/191/191 190/190/190
s 1
f 192/192/192 193/193/193 191/191/191
s 1
f 194/194/194 193/193/193 192/192/192
s 1
f 194/194/194 195/195/195 193/193/193
s 1
f 196/196/196 195/195/195 194/194/194
s 1
f 196/196/196 197/197/197 195/195/195
s 1
f 198/198/198 197/197/197 196/196/196
s 1
f 198/198/198 199/199/199 197/197/197
s 1
f 200/200/200 199/199/199 198/198/198
s 1
f 200/200/200 201/201/201 199/199/199
s 1
f 202/202/202 201/201/201 200/200/200
s 1
f 202/202/202 203/203/203 201/201/201
s 1
f 204/204/204 203/203/203 202/202/202
s 1
f 204/204/204 205/205/205 203/203/203
s 1
f 206/206/206 205/205/205 204/204/204
s 1
f 206/206/206 207/207/207 205/205/205
s 1
f 208/208/208 207/207/207 206/206/206
s 1
f 208/208/208 209/209/209 207/207/207
s 1
f 210/210/210 209/209/209 208/208/208
s 1
f 210/210/210 211/211/211 209/209/209
s 1
f 212/212/212 211/211/211 210/210/210
s 1
f 212/212/212 213/213/213 211/211/211
s 1
f 214/214/214 213/213/213 212/212/212
s 1
f 214/214/214 215/215/215 213/213/213
s 1
f 216/216/216 215/215/215 214/214/214
s 1
f 216/216/216 217/217/217 215/215/215
s 1
f 218/218/218 217/217/217 216/216/216
s 1
f 218/218/218 219/219/219 217/217/217
s 1
f 220/220/220 219/219/219 218/218/218
s 1
f 220/220/220 221/221/221 219/219/219
s 1
f 222/222/222 221/221/221 220/220/220
s 1
f 222/222/222 223/223/223 221/221/221
s 1
f 224/224/224 223/223/223 222/222/222
s 1
f 224/224/224 225/225/225 223/223/223
s 1
f 226/226/226 225/225/225 224/224/224
s 1
f 226/226/226 227/227/227 225/225/225
s 1
f 228/228/228 227/227/227 226/226/226
s 1
f 228/228/228 229/229/229 227/227/227
s 1
f 230/230/230 229/229/229 228/228/228
s 1
f 230/230/230 231/231/231 229/229/229
s 1
f 232/232/232 231/231/231 230/230/230
s 1
f 232/232/232 233/233/233 231/231/231
s 1
f 234/234/234 233/233/233 232/232/232
s 1
f 234/234/234 235/235/235 233/233/233
s 1
f 236/236/236 235/235/235 234/234/234
s 1
f 236/236/236 237/237/237 235/235/235
s 1
f 238/238/238 237/237/237 236/236/236
s 1
f 238/238/238 239/239/239 237/237/237
s 1
f 240/240/240 239/239/239 238/238/238
s 1
f 240/240/240 241/241/241 239/239/239
s 1
f 242/242/242 241/241/241 240/240/240
s 1
f 242/242/242 243/243/243 241/241/241
s 1
f 244/244/244 243/243/243 242/242/242
s 1
f 244/244/244 245/245/245 243/243/243
s 1
f 246/246/246 245/245/245 244/244/244
s 1
f 246/246/246 247/247/247 245/245/245
s 1
f 248/248/248 247/247/247 246/246/246
s 1
f 248/248/248 249/249/249 247/247/247
s 1
f 250/250/250 249/249/249 248/248/248
s 1
f 250/250/250 251/251/251 249/249/249
s 1
f 252/252/252 251/251/251 250/250/250
s 1
f 252/252/252 253/253/253 251/251/251
s 1
f 254/254/254 253/253/253 252/252/252
s 1
f 254/254/254 255/255/255 253/253/253
s 1
f 256/256/256 255/255/255 254/254/254
s 1
f 256/256/256 257/257/257 255/255/255
s 1
f 258/258/258 257/257/257 256/256/256
s 1
f 258/258/258 259/259/259 257/257/257
s 1
f 260/260/260 259/259/259 258/258/258
s 1
f 260/260/260 261/261/261 259/259/259
s 1
f 262/262/262 261/261/261 260/260/260
s 1
f 262/262/262 263/263/263 261/261/261
s 1
f 264/264/264 263/263/263 262/262/262
s 1
f 264/264/264 265/265/265 263/263/263
s 1
f 266/266/266 265/265/265 264/264/264
s 1
f 266/266/266 267/267/267 265/265/265
s 1
f 268/268/268 267/267/267 266/266/266
s 1
f 268/268/268 269/269/269 267/267/267
s 1
f 270/270/270 269/269/269 268/268/268
s 1
f 270/270/270 271/271/271 269/269/269
s 1
f 272/272/272 271/271/271 270/270/270
s 1
f 272/272/272 273/273/273 271/271/271
s 1
f 274/274/274 273/273/273 272/272/272
s 1
f 274/274/274 275/275/275 273/273/273
s 1
f 276/276/276 275/275/275 274/274/274
s 1
f 276/276/276 277/277/277 275/275/275
s 1
f 278/278/278 277/277/277 276/276/276
s 1
f 278/278/278 279/279/279 277/277/277
s 1
f 280/280/280 279/279/279 278/278/278
s 1
f 280/280/280 281/281/281 279/279/279
s 1
f 282/282/282 281/281/281 280/280/280
s 1
f 282/282/282 283/283/283 281/281/281
s 1
f 284/284/284 283/283/283 282/282/282
s 1
f 284/284/284 285/285/285 283/283/283
s 1
f 286/286/286 285/285/285 284/284/284
s 1
f 286/286/286 287/287/287 285/285/285
s 1
f 288/288/288 287/287/287 286/286/286
s 1
f 288/288/288 289/289/289 287/287/287
s 1
f 290/290/290 289/289/289 288/288/288
s 1
f 290/290/290 291/291/291 289/289/289
s 1
f 292/292/292 291/291/291 290/290/290
s 1
f 292/292/292 293/293/293 291/291/291
s 1
f 294/294/294 293/293/293 292/292/292
s 1
f 294/294/294 295/295/295 293/293/293
s 1
f 296/296/296 295/295/295 294/294/294
s 1
f 296/296/296 297/297/297 295/295/295
s 1
f 298/298/298 297/297/297 296/296/296
s 1
f 298/298/298 299/299/299 297/297/297
s 1
f 300/300/300 299/299/299 298/298/298
s 1
f 300/300/300 301/301/301 299/299/299
s 1
f 302/302/302 301/301/301 300/300/300
s 1
f 302/302/302 303/303/303 301/301/301
s 1
f 304/304/304 303/303/303 302/302/302
s 1
f 304/304/304 305/305/305 303/303/303
s 1
f 306/306/306 305/305/305 304/304/304
s 1
f 306/306/306 307/307/307 305/305/305
s 1
f 308/308/308 307/307/307 306/306/306
s 1
f 308/308/308 309/309/309 307/307/307
s 1
f 310/310/310 309/309/309 308/308/308
s 1
f 310/310/310 311/311/311 309/309/309
s 1
f 312/312/312 311/311/311 310/310/310
s 1
f 312/312/312 313/313/313 311/311/311
s 1
f 314/314/314 313/313/313 312/312/312
s 1
f 314/314/314 315/315/315 313/313/313
s 1
f 316/316/316 315/315/315 314/314/314
s 1
f 316/316/316 317/317/317 315/315/315
s 1
f 318/318/318 317/317/317 316/316/316
s 1
f 318/318/318 319/319/319 317/317/317
s 1
f 320/320/320 319/319/319 318/318/318
s 1
f 320/320/320 321/321/321 319/319/319
s 1
f 322/322/322 321/321/321 320/320/320
s 1
f 322/322/322 323/323/323 321/321/321
s 1
f 324/324/324 323/323/323 322/322/322
s 1
f 324/324/324 325/325/325 323/323/323
s 1
f 326/326/326 325/325/325 324/324/324
s 1
f 326/326/326 327/327/327 325/325/325
s 1
f 328/328/328 327/327/327 326/326/326
s 1
f 328/328/328 329/329/329 327/327/327
s 1
f 330/330/330 329/329/329 328/328/328
s 1
f 330/330/330 331/331/331 329/329/329
s 1
f 332/332/332 331/331/331 330/330/330
s 1
f 332/332/332 333/333/333 331/331/331
s 1
f 334/334/334 333/333/333 332/332/332
s 1
f 334/334/334 335/335/335 333/333/333
s 1
f 336/336/336 335/335/335 334/334/334
s 1
f 336/336/336 337/337/337 335/335/335
s 1
f 338/338/338 337/337/337 336/336/336
s 1
f 338/338/338 339/339/339 337/337/337
s 1
f 340/340/340 339/339/339 338/338/338
s 1
f 340/340/340 341/341/341 339/339/339
s 1
f 342/342/342 341/341/341 340/340/340
s 1
f 342/342/342 343/343/343 341/341/341
s 1
f 344/344/344 343/343/343 342/342/342
s 1
f 344/344/344 345/345/345 343/343/343
s 1
f 346/346/346 345/345/345 344/344/344
s 1
f 346/346/346 347/347/347 345/345/345
s 1
f 348/348/348 347/347/347 346/346/346
s 1
f 348/348/348 349/349/349 347/347/347
s 1
f 350/350/350 349/349/349 348/348/348
s 1
f 350/350/350 351/351/351 349/349/349
s 1
f 352/352/352 351/351/351 350/350/350
s 1
f 352/352/352 353/353/353 351/351/351
s 1
f 354/354/354 353/353/353 352/352/352
s 1
f 354/354/354 355/355/355 353/353/353
s 1
f 356/356/356 355/355/355 354/354/354
s 1
f 356/356/356 357/357/357 355/355/355
s 1
f 358/358/358 357/357/357 356/356/356
s 1
f 358/358/358 359/359/359 357/357/357
s 1
f 360/360/360 359/359/359 358/358/358
s 1
f 360/360/360 361/361/361 359/359/359
s 1
f 362/362/362 361/361/361 360/360/360
s 1
f 362/362/362 363/363/363 361/361/361
s 1
f 364/364/364 363/363/363 362/362/362
s 1
f 364/364/364 365/365/365 363/363/363
s 1
f 366/366/366 365/365/365 364/364/364
s 1
f 366/366/366 367/367/367 365/365/365
s 1
f 368/368/368 367/367/367 366/366/366
s 1
f 368/368/368 369/369/369 367/367/367
s 1
f 370/370/370 369/369/369 368/368/368
s 1
f 370/370/370 371/371/371 369/369/369
s 1
f 372/372/372 371/371/371 370/370/370
s 1
f 372/372/372 373/373/373 371/371/371
s 1
f 374/374/374 373/373/373 372/372/372
s 1
f 374/374/374 375/375/375 373/373/373
s 1
f 376/376/376 375/375/375 374/374/374
s 1
f 376/376/376 377/377/377 375/375/375
s 1
f 378/378/378 377/377/377 376/376/376
s 1
f 378/378/378 379/379/379 377/377/377
s 1
f 380/380/380 379/379/379 378/378/378
s 1
f 380/380/380 381/381/381 379/379/379
s 1
f 382/382/382 381/381/381 380/380/380
s 1
f 382/382/382 383/383/383 381/381/381
s 1
f 384/384/384 383/383/383 382/382/382
s 1
f 384/384/384 385/385/385 383/383/383
s 1
f 386/386/386 385/385/385 384/384/384
s 1
f 386/386/386 387/387/387 385/385/385
s 1
f 388/388/388 387/387/387 386/386/386
s 1
f 388/388/388 389/389/389 387/387/387
s 1
f 390/390/390 389/389/389 388/388/388
s 1
f 390/390/390 391/391/391 389/389/389
s 1
f 392/392/392 391/391/391 390/390/390
s 1
f 392/392/392 393/393/393 391/391/391
s 1
f 394/394/394 393/393/393 392/392/392
s 1
f 394/394/394 395/395/395 393/393/393
s 1
f 396/396/396 395/395/395 394/394/394
s 1
f 396/396/396 397/397/397 395/395/395
s 1
f 398/398/398 397/397/397 396/396/396
s 1
f 398/398/398 399/399/399 397/397/397
s 1
f 400/400/400 399/399/399 398/398/398
s 1
f 400/400/400 401/401/401 399/399/399
s 1
f 402/402/402 401/401/401 400/400/400
s 1
f 402/402/402 403/403/403 401/401/401
s 1
f 404/404/404 403/403/403 402/402/402
s 1
f 404/404/404 405/405/405 403/403/403
s 1
f 406/406/406 405/405/405 404/404/404
s 1
f 406/406/406 407/407/407 405/405/405
s 1
f 408/408/408 407/407/407 406/406/406
s 1
f 408/408/408 409/409/409 407/407/407
s 1
f 410/410/410 409/409/409 408/408/408
s 1
f 410/410/410 411/411/411 409/409/409
s 1
f 412/412/412 411/411/411 410/410/410
s 1
f 412/412/412 413/413/413 411/411/411
s 1
f 414/414/414 413/413/413 412/412/412
s 1
f 414/414/414 415/415/415 413/413/413
s 1
f 416/416/416 415/415/415 414/414/414
s 1
f 416/416/416 417/417/417 415/415/415
s 1
f 418/418/418 417/417/417 416/416/416
s 1
f 418/418/418 419/419/419 417/417/417
s 1
f 420/420/420 419/419/419 418/418/418
s 1
f 420/420/420 421/421/421 419/419/419
s 1
f 422/422/422 421/421/421 420/420/420
s 1
f 422/422/422 423/423/423 421/421/421
s 1
f 424/424/424 423/423/423 422/422/422
s 1
f 424/424/424 425/425/425 423/423/423
s 1
f 426/426/426 425/425/425 424/424/424
s 1
f 426/426/426 427/427/427 425/425/425
s 1
f 428/428/428 427/427/427 426/426/426
s 1
f 428/428/428 429/429/429 427/427/427
s 1
f 430/430/430 429/429/429 428/428/428
s 1
f 430/430/430 431/431/431 429/429/429
s 1
f 432/432/432 431/431/431 430/430/430
s 1
f 432/432/432 433/433/433 431/431/431
s 1
f 434/434/434 433/433/433 432/432/432
s 1
f 434/434/434 435/435/435 433/433/433
s 1
f 436/436/436 435/435/435 434/434/434
s 1
f 436/436/436 437/437/437 435/435/435
s 1
f 438/438/438 437/437/437 436/436/436
s 1
f 438/438/438 439/439/439 437/437/437
s 1
f 440/440/440 439/439/439 438/438/438
s 1
f 440/440/440 441/441/441 439/439/439
s 1
f 442/442/442 441/441/441 440/440/440
s 1
f 442/442/442 443/443/443 441/441/441
s 1
f 444/444/444 443/443/443 442/442/442
s 1
f 444/444/444 445/445/445 443/443/443
s 1
f 446/446/446 445/445/445 444/444/444
s 1
f 446/446/446 447/447/447 445/445/445
s 1
f 448/448/448 447/447/447 446/446/446
s 1
f 448/448/448 449/449/449 447/447/447
s 1
f 450/450/450 449/449/449 448/448/448
s 1
f 450/450/450 451/451/451 449/449/449
s 1
f 452/452/452 451/451/451 450/450/450
s 1
f 452/452/452 453/453/453 451/451/451
s 1
f 454/454/454 453/453/453 452/452/452
s 1
f 454/454/454 455/455/455 453/453/453
s 1
f 456/456/456 455/455/455 454/454/454
s 1
f 456/456/456 457/457/457 455/455/455
s 1
f 458/458/458 457/457/457 456/456/456
s 1
f 458/458/458 459/459/459 457/457/457
s 1
f 460/460/460 459/459/459 458/458/458
s 1
f 460/460/460 461/461/461 459/459/459
s 1
f 462/462/462 461/461/461 460/460/460
s 1
f 462/462/462 463/463/463 461/461/461
s 1
f 464/464/464 463/463/463 462/462/462
s 1
f 464/464/464 465/465/465 463/463/463
s 1
f 466/466/466 465/465/465 464/464/464
s 1
f 466/466/466 467/467/467 465/465/465
s 1
f 468/468/468 467/467/467 466/466/466
s 1
f 468/468/468 469/469/469 467/467/467
s 1
f 470/470/470 469/469/469 468/468/468
s 1
f 470/470/470 471/471/471 469/469/469
s 1
f 472/472/472 471/471/471 470/470/470
s 1
f 472/472/472 473/473/473 471/471/471
s 1
f 474/474/474 473/473/473 472/472/472
s 1
f 474/474/474 475/475/475 473/473/473
s 1
f 476/476/476 475/475/475 474/474/474
s 1
f 476/476/476 477/477/477 475/475/475
s 1
f 478/478/478 477/477/477 476/476/476
s 1
f 478/478/478 479/479/479 477/477/477
s 1
f 480/480/480 479/479/479 478/478/478
s 1
f 480/480/480 481/481/481 479/479/479
s 1
f 482/482/482 481/481/481 480/480/480
s 1
f 482/482/482 483/483/483 481/481/481
s 1
f 484/484/484 483/483/483 482/482/482
s 1
f 484/484/484 485/485/485 483/483/483
s 1
f 486/486/486 485/485/485 484/484/484
s 1
f 486/486/486 487/487/487 485/485/485
s 1
f 488/488/488 487/487/487 486/486/486
s 1
f 488/488/488 489/489/489 487/487/487
s 1
f 490/490/490 489/489/489 488/488/488
s 1
f 490/490/490 491/491/491 489/489/489
s 1
f 492/492/492 491/491/491 490/490/490
s 1
f 492/492/492 493/493/493 491/491/491
s 1
f 494/494/494 493/493/493 492/492/492
s 1
f 494/494/494 495/495/495 493/493/493
s 1
f 496/496/496 495/495/495 494/494/494
s 1
f 496/496/496 497/497/497 495/495/495
s 1
f 498/498/498 497/497/497 496/496/496
s 1
f 498/498/498 499/499/499 497/497/497
s 1
f 500/500/500 499/499/499 498/498/498
s 1
f 500/500/500 501/501/501 499/499/499
s 1
f 502/502/502 501/501/501 500/500/500
s 1
f 502/502/502 503/503/503 501/501/501
s 1
f 504/504/504 503/503/503 502/502/502
s 1
f 504/504/504 505/505/505 503/503/503
s 1
f 506/506/506 505/505/505 504/504/504
s 1
f 506/506/506 507/507/507 505/505/505
s 1
f 508/508/508 507/507/507 506/506/506
s 1
f 508/508/508 509/509/509 507/507/507
s 1
f 510/510/510 509/509/509 508/508/508
s 1
f 510/510/510 511/511/511 509/509/509
s 1
f 512/512/512 511/511/511 510/510/510
s 1
f 512/512/512 513/513/513 511/511/511
s 1
f 514/514/514 513/513/513 512/512/512
s 1
f 514/514/514 515/515/515 513/513/513
s 1
f 516/516/516 515/515/515 514/514/514
s 1
f 516/516/516 517/517/517 515/515/515
s 1
f 518/518/518 517/517/517 516/516/516
s 1
f 518/518/518 519/519/519 517/517/517
s 1
f 520/520/520 519/519/519 518/518/518
s 1
f 520/520/520 521/521/521 519/519/519
s 1
f 522/522/522 521/521/521 520/520/520
s 1
f 522/522/522 523/523/523 521/521/521
s 1
f 524/524/524 523/523/523 522/522/522
s 1
f 524/524/524 525/525/525 523/523/523
s 1
f 526/526/526 525/525/525 524/524/524
s 1
f 526/526/526 527/527/527 525/525/525
s 1
f 528/528/528 527/527/527 526/526/526
s 1
f 528/528/528 529/529/529 527/527/527
s 1
f 530/530/530 529/529/529 528/528/528
s 1
f 530/530/530 531/531/531 529/529/529
s 1
f 532/532/532 531/531/531 530/530/530
s 1
f 532/532/532 533/533/533 531/531/531
s 1
f 534/534/534 533/533/533 532/532/532
s 1
f 534/534/534 535/535/535 533/533/533
s 1
f 536/536/536 535/535/535 534/534/534
s 1
f 536/536/536 537/537/537 535/535/535
s 1
f 538/538/538 537/537/537 536/536/536
s 1
f 538/538/538 539/539/539 537/537/537
s 1
f 540/540/540 539/539/539 538/538/538
s 1
f 540/540/540 541/541/541 539/539/539
s 1
f 542/542/542 541/541/541 540/540/540
s 1
f 542/542/542 543/543/543 541/541/541
s 1
f 544/544/544 543/543/543 542/542/542
s 1
f 544/544/544 545/545/545 543/543/543
s 1
f 546/546/546 545/545/545 544/544/544
s 1
f 546/546/546 547/547/547 545/545/545
s 1
f 548/548/548 547/547/547 546/546/546
s 1
f 548/548/548 549/549/549 547/547/547
s 1
f 550/550/550 549/549/549 548/548/548
s 1
f 550/550/550 551/551/551 549/549/549
s 1
f 552/552/552 551/551/551 550/550/550
s 1
f 552/552/552 553/553/553 551/551/551
s 1
f 554/554/554 553/553/553 552/552/552
s 1
f 554/554/554 555/555/555 553/553/553
s 1
f 556/556/556 555/555/555 554/554/554
s 1
f 556/556/556 557/557/557 555/555/555
s 1
f 558/558/558 557/557/557 556/556/556
s 1
f 558/558/558 559/559/559 557/557/557
s 1
f 560/560/560 559/559/559 558/558/558
s 1
f 560/560/560 561/561/561 559/559/559
s 1
f 562/562/562 561/561/561 560/560/560
s 1
f 562/562/562 563/563/563 561/561/561
s 1
f 564/564/564 563/563/563 562/562/562
s 1
f 564/564/564 565/565/565 563/563/563
s 1
f 566/566/566 565/565/565 564/564/564
s 1
f 566/566/566 567/567/567 565/565/565
s 1
f 568/568/568 567/567/567 566/566/566
s 1
f 568/568/568 569/569/569 567/567/567
s 1
f 570/570/570 569/569/569 568/568/568
s 1
f 570/570/570 571/571/571 569/569/569
s 1
f 572/572/572 571/571/571 570/570/570
s 1
f 572/572/572 573/573/573 571/571/571
s 1
f 574/574/574 573/573/573 572/572/572
s 1
f 574/574/574 575/575/575 573/573/573
s 1
f 576/576/576 575/575/575 574/574/574
s 1
f 576/576/576 577/577/577 575/575/575
s 1
f 578/578/578 577/577/577 576/576/576
s 1
f 578/578/578 579/579/579 577/577/577
s 1
f 580/580/580 579/579/579 578/578/578
s 1
f 580/580/580 581/581/581 579/579/579
s 1
f 582/582/582 581/581/581 580/580/580
s 1
f 582/582/582 583/583/583 581/581/581
s 1
f 584/584/584 583/583/583 582/582/582
s 1
f 584/584/584 585/585/585 583/583/583
s 1
f 586/586/586 585/585/585 584/584/584
s 1
f 586/586/586 587/587/587 585/585/585
s 1
f 588/588/588 587/587/587 586/586/586
s 1
f 588/588/588 589/589/589 587/587/587
s 1
f 590/590/590 589/589/589 588/588/588
s 1
f 590/590/590 591/591/591 589/589/589
s 1
f 592/592/592 591/591/591 590/590/590
s 1
f 592/592/592 593/593/593 591/591/591
s 1
f 594/594/594 593/593/593 592/592/592
s 1
f 594/594/594 595/595/595 593/593/593
s 1
f 596/596/596 595/595/595 594/594/594
s 1
f 596/596/596 597/597/597 595/595/595
s 1
f 598/598/598 597/597/597 596/596/596
s 1
f 598/598/598 599/599/599 597/597/597
s 1
f 600/600/600 599/599/599 598/598/598
s 1
f 600/600/600 601/601/601 599/599/599
s 1
f 602/602/602 601/601/601 600/600/600
s 1
f 602/602/602 603/603/603 601/601/601
s 1
f 604/604/604 603/603/603 602/602/602
s 1
f 604/604/604 605/605/605 603/603/603
s 1
f 606/606/606 605/605/605 604/604/604
s 1
f 606/606/606 607/607/607 605/605/605
s 1
f 608/608/608 607/607/607 606/606/606
s 1
f 608/608/608 609/609/609 607/607/607
s 1
f 610/610/610 609/609/609 608/608/608
s 1
f 610/610/610 611/611/611 609/609/609
s 1
f 612/612/612 611/611/611 610/610/610
s 1
f 612/612/612 613/613/613 611/611/611
s 1
f 614/614/614 613/613/613 612/612/612
s 1
f 614/614/614 615/615/615 613/613/613
s 1
f 616/616/616 615/615/615 614/614/614
s 1
f 616/616/616 617/617/617 615/615/615
s 1
f 618/618/618 617/617/617 616/616/616
s 1
f 618/618/618 619/619/619 617/617/617
s 1
f 620/620/620 619/619/619 618/618/618
s 1
f 620/620/620 621/621/621 619/619/619
s 1
f 622/622/622 621/621/621 620/620/620
s 1
f 622/622/622 623/623/623 621/621/621
s 1
f 624/624/624 623/623/623 622/622/622
s 1
f 624/624/624 625/625/625 623/623/623
s 1
f 626/626/626 625/625/625 624/624/624
s 1
f 626/626/626 627/627/627 625/625/625
s 1
f 628/628/628 627/627/627 626/626/626
s 1
f 628/628/628 629/629/629 627/627/627
s 1
f 630/630/630 629/629/629 628/628/628
s 1
f 630/630/630 631/631/631 629/629/629
s 1
f 632/632/632 631/631/631 630/630/630
s 1
f 632/632/632 633/633/633 631/631/631
s 1
f 634/634/634 633/633/633 632/632/632
s 1
f 634/634/634 635/635/635 633/633/633
s 1
f 636/636/636 635/635/635 634/634/634
s 1
f 636/636/636 637/637/637 635/635/635
s 1
f 638/638/638 637/637/637 636/636/636
s 1
f 638/638/638 639/639/639 637/637/637
s 1
f 640/640/640 639/639/639 638/638/638
s 1
f 640/640/640 641/641/641 639/639/639
s 1
f 642/642/642 641/641/641 640/640/640
s 1
f 642/642/642 643/643/643 641/641/641
s 1
f 644/644/644 643/643/643 642/642/642
s 1
f 644/644/644 645/645/645 643/643/643
s 1
f 646/646/646 645/645/645 644/644/644
s 1
f 646/646/646 647/647/647 645/645/645
s 1
f 648/648/648 647/647/647 646/646/646
s 1
f 648/648/648 649/649/649 647/647/647
s 1
f 650/650/650 649/649/649 648/648/648
s 1
f 650/650/650 651/651/651 649/649/649
s 1
f 652/652/652 651/651/651 650/650/650
s 1
f 652/652/652 653/653/653 651/651/651
s 1
f 654/654/654 653/653/653 652/652/652
s 1
f 654/654/654 655/655/655 653/653/653
s 1
f 656/656/656 655/655/655 654/654/654
s 1
f 656/656/656 657/657/657 655/655/655
s 1
f 658/658/658 657/657/657 656/656/656
s 1
f 658/658/658 659/659/659 657/657/657
s 1
f 660/660/660 659/659/659 658/658/658
s 1
f 660/660/660 661/661/661 659/659/659
s 1
f 662/662/662 661/661/661 660/660/660
s 1
f 662/662/662 663/663/663 661/661/661
s 1
f 664/664/664 663/663/663 662/662/662
s 1
f 664/664/664 665/665/665 663/663/663
s 1
f 666/666/666 665/665/665 664/664/664
s 1
f 666/666/666 667/667/667 665/665/665
s 1
f 668/668/668 667/667/667 666/666/666
s 1
f 668/668/668 669/669/669 667/667/667
s 1
f 670/670/670 669/669/669 668/668/668
s 1
f 670/670/670 671/671/671 669/669/669
s 1
f 672/672/672 671/671/671 670/670/670
s 1
f 672/672/672 673/673/673 671/671/671
s 1
f 674/674/674 673/673/673 672/672/672
s 1
f 674/674/674 675/675/675 673/673/673
s 1
f 676/676/676 675/675/675 674/674/674
s 1
f 676/676/676 677/677/677 675/675/675
s 1
f 678/678/678 677/677/677 676/676/676
s 1
f 678/678/678 679/679/679 677/677/677
s 1
f 680/680/680 679/679/679 678/678/678
s 1
f 680/680/680 681/681/681 679/679/679
s 1
f 682/682/682 681/681/681 680/680/680
s 1
f 682/682/682 683/683/683 681/681/681
s 1
f 684/684/684 683/683/683 682/682/682
s 1
f 684/684/684 685/685/685 683/683/683
s 1
f 686/686/686 685/685/685 684/684/684
s 1
f 686/686/686 687/687/687 685/685/685
s 1
f 688/688/688 687/687/687 686/686/686
s 1
f 688/688/688 689/689/689 687/687/687
s 1
f 690/690/690 689/689/689 688/688/688
s 1
f 690/690/690 691/691/691 689/689/689
s 1
f 692/692/692 691/691/691 690/690/690
s 1
f 692/692/692 693/693/693 691/691/691
s 1
f 694/694/694 693/693/693 692/692/692
s 1
f 694/694/694 695/695/695 693/693/693
s 1
f 696/696/696 695/695/695 694/694/694
s 1
f 696/696/696 697/697/697 695/695/695
s 1
f 698/698/698 697/697/697 696/696/696
s 1
f 698/698/698 699/699/699 697/697/697
s 1
f 700/700/700 699/699/699 698/698/698
s 1
f 700/700/700 701/701/701 699/699/699
s 1
f 702/702/702 701/701/701 700/700/700
s 1
f 702/702/702 703/703/703 701/701/701
s 1
f 704/704/704 703/703/703 702/702/702
s 1
f 704/704/704 705/705/705 703/703/703
s 1
f 706/706/706 705/705/705 704/704/704
s 1
f 706/706/706 707/707/707 705/705/705
s 1
f 708/708/708 707/707/707 706/706/706
s 1
f 708/708/708 709/709/709 707/707/707
s 1
f 710/710/710 709/709/709 708/708/708
s 1
f 710/710/710 711/711/711 709/709/709
s 1
f 712/712/712 711/711/711 710/710/710
s 1
f 712/712/712 713/713/713 711/711/711
s 1
f 714/714/714 713/713/713 712/712/712
s 1
f 714/714/714 715/715/715 713/713/713
s 1
f 716/716/716 715/715/715 714/714/714
s 1
f 716/716/716 717/717/717 715/715/715
s 1
f 718/718/718 717/717/717 716/716/716
s 1
f 718/718/718 719/719/719 717/717/717
s 1
f 720/720/720 719/719/719 718/718/718
s 1
f 720/720/720 721/721/721 719/719/719
s 1
f 722/722/722 721/721/721 720/720/720
s 1
f 722/722/722 723/723/723 721/721/721
s 1
f 724/724/724 723/723/723 722/722/722
s 1
f 724/724/724 725/725/725 723/723/723
s 1
f 726/726/726 725/725/725 724/724/724
s 1
f 726/726/726 727/727/727 725/725/725
s 1
f 728/728/728 727/727/727 726/726/726
s 1
f 728/728/728 729/729/729 727/727/727
s 1
f 730/730/730 729/729/729 728/728/728
s 1
f 730/730/730 731/731/731 729/729/729
s 1
f 732/732/732 731/731/731 730/730/730
s 1
f 732/732/732 733/733/733 731/731/731
s 1
f 734/734/734 733/733/733 732/732/732
s 1
f 734/734/734 735/735/735 733/733/733
s 1
f 736/736/736 735/735/735 734/734/734
s 1
f 736/736/736 737/737/737 735/735/735
s 1
f 738/738/738 737/737/737 736/736/736
s 1
f 738/738/738 739/739/739 737/737/737
s 1
f 740/740/740 739/739/739 738/738/738
s 1
f 740/740/740 741/741/741 739/739/739
s 1
f 742/742/742 741/741/741 740/740/740
s 1
f 742/742/742 743/743/743 741/741/741
s 1
f 744/744/744 743/743/743 742/742/742
s 1
f 744/744/744 745/745/745 743/743/743
s 1
f 746/746/746 745/745/745 744/744/744
s 1
f 746/746/746 747/747/747 745/745/745
s 1
f 748/748/748 747/747/747 746/746/746
s 1
f 748/748/748 749/749/749 747/747/747
s 1
f 750/750/750 749/749/749 748/748/748
s 1
f 750/750/750 751/751/751 749/749/749
s 1
f 752/752/752 751/751/751 750/750/750
s 1
f 752/752/752 753/753/753 751/751/751
s 1
f 754/754/754 753/753/753 752/752/752
s 1
f 754/754/754 755/755/755 753/753/753
s 1
f 756/756/756 755/755/755 754/754/754
s 1
f 756/756/756 757/757/757 755/755/755
s 1
f 758/758/758 757/757/757 756/756/756
s 1
f 758/758/758 759/759/759 757/757/757
s 1
f 760/760/760 759/759/759 758/758/758
s 1
f 760/760/760 761/761/761 759/759/759
s 1
f 762/762/762 761/761/761 760/760/760
s 1
f 762/762/762 763/763/763 761/761/761
s 1
f 764/764/764 763/763/763 762/762/762
s 1
f 764/764/764 765/765/765 763/763/763
s 1
f 766/766/766 765/765/765 764/764/764
s 1
f 766/766/766 767/767/767 765/765/765
s 1
f 768/768/768 767/767/767 766/766/766
s 1
f 768/768/768 769/769/769 767/767/767
s 1
f 770/770/770 769/769/769 768/768/768
s 1
f 770/770/770 771/771/771 769/769/769
s 1
f 772/772/772 771/771/771 770/770/770
s 1
f 772/772/772 773/773/773 771/771/771
s 1
f 774/774/774 773/773/773 772/772/772
s 1
f 774/774/774 775/775/775 773/773/773
s 1
f 776/776/776 775/775/775 774/774/774
s 1
f 776/776/776 777/777/777 775/775/775
s 1
f 778/778/778 777/777/777 776/776/776
s 1
f 778/778/778 779/779/779 777/777/777
s 1
f 780/780/780 779/779/779 778/778/778
s 1
f 780/780/780 781/781/781 779/779/779
s 1
f 782/782/782 781/781/781 780/780/780
s 1
f 782/782/782 783/783/783 781/781/781
s 1
f 784/784/784 783/783/783 782/782/782
s 1
f 784/784/784 785/785/785 783/783/783
s 1
f 786/786/786 785/785/785 784/784/784
s 1
f 786/786/786 787/787/787 785/785/785
s 1
f 788/788/788 787/787/787 786/786/786
s 1
f 788/788/788 789/789/789 787/787/787
s 1
f 790/790/790 789/789/789 788/788/788
s 1
f 790/790/790 791/791/791 789/789/789
s 1
f 792/792/792 791/791/791 790/790/790
s 1
f 792/792/792 793/793/793 791/791/791
s 1
f 794/794/794 793/793/793 792/792/792
s 1
f 794/794/794 795/795/795 793/793/793
s 1
f 796/796/796 795/795/795 794/794/794
s 1
f 796/796/796 797/797/797 795/795/795
s 1
f 798/798/798 797/797/797 796/796/796
s 1
f 798/798/798 799/799/799 797/797/797
s 1
f 800/800/800 799/799/799 798/798/798
s 1
f 800/800/800 801/801/801 799/799/799
s 1
f 802/802/802 801/801/801 800/800/800
s 1
f 802/802/802 803/803/803 801/801/801
s 1
f 804/804/804 803/803/803 802/802/802
s 1
f 804/804/804 805/805/805 803/803/803
s 1
f 806/806/806 805/805/805 804/804/804
s 1
f 806/806/806 807/807/807 805/805/805
s 1
f 808/808/808 807/807/807 806/806/806
s 1
f 808/808/808 809/809/809 807/807/807
s 1
f 810/810/810 809/809/809 808/808/808
s 1
f 810/810/810 811/811/811 809/809/809
s 1
f 812/812/812 811/811/811 810/810/810
s 1
f 812/812/812 813/813/813 811/811/811
s 1
f 814/814/814 813/813/813 812/812/812
s 1
f 814/814/814 815/815/815 813/813/813
s 1
f 816/816/816 815/815/815 814/814/814
s 1
f 816/816/816 817/817/817 815/815/815
s 1
f 818/818/818 817/817/817 816/816/816
s 1
f 818/818/818 819/819/819 817/817/817
s 1
f 820/820/820 819/819/819 818/818/818
s 1
f 820/820/820 821/821/821 819/819/819
s 1
f 822/822/822 821/821/821 820/820/820
s 1
f 822/822/822 823/823/823 821/821/821
s 1
f 824/824/824 823/823/823 822/822/822
s 1
f 824/824/824 825/825/825 823/823/823
s 1
f 826/826/826 825/825/825 824/824/824
s 1
f 826/826/826 827/827/827 825/825/825
s 1
f 828/828/828 827/827/827 826/826/826
s 1
f 828/828/828 829/829/829 827/827/827
s 1
f 830/830/830 829/829/829 828/828/828
s 1
f 830/830/830 831/831/831 829/829/829
s 1
f 832/832/832 831/831/831 830/830/830
s 1
f 832/832/832 833/833/833 831/831/831
s 1
f 834/834/834 833/833/833 832/832/832
s 1
f 834/834/834 835/835/835 833/833/833
s 1
f 836/836/836 835/835/835 834/834/834
s 1
f 836/836/836 837/837/837 835/835/835
s 1
f 838/838/838 837/837/837 836/836/836
s 1
f 838/838/838 839/839/839 837/837/837
s 1
f 840/840/840 839/839/839 838/838/838
s 1
f 840/840/840 841/841/841 839/839/839
s 1
f 842/842/842 841/841/841 840/840/840
s 1
f 842/842/842 843/843/843 841/841/841
s 1
f 844/844/844 843/843/843 842/842/842
s 1
f 844/844/844 845/845/845 843/843/843
s 1
f 846/846/846 845/845/845 844/844/844
s 1
f 846/846/846 847/847/847 845/845/845
s 1
f 848/848/848 847/847/847 846/846/846
s 1
f 848/848/848 849/849/849 847/847/847
s 1
f 850/850/850 849/849/849 848/848/848
s 1
f 850/850/850 851/851/851 849/849/849
s 1
f 852/852/852 851/851/851 850/850/850
s 1
f 852/852/852 853/853/853 851/851/851
s 1
f 854/854/854 853/853/853 852/852/852
s 1
f 854/854/854 855/855/855 853/853/853
s 1
f 856/856/856 855/855/855 854/854/854
s 1
f 856/856/856 857/857/857 855/855/855
s 1
f 858/858/858 857/857/857 856/856/856
s 1
f 858/858/858 859/859/859 857/857/857
s 1
f 860/860/860 859/859/859 858/858/858
s 1
f 860/860/860 861/861/861 859/859/859
s 1
f 862/862/862 861/861/861 860/860/860
s 1
f 862/862/862 863/863/863 861/861/861
s 1
f 864/864/864 863/863/863 862/862/862
s 1
f 864/864/864 865/865/865 863/863/863
s 1
f 866/866/866 865/865/865 864/864/864
s 1
f 866/866/866 867/867/867 865/865/865
s 1
f 868/868/868 867/867/867 866/866/866
s 1
f 868/868/868 869/869/869 867/867/867
s 1
f 870/870/870 869/869/869 868/868/868
s 1
f 870/870/870 871/871/871 869/869/869
s 1
f 872/872/872 871/871/871 870/870/870
s 1
f 872/872/872 873/873/873 871/871/871
s 1
f 874/874/874 873/873/873 872/872/872
s 1
f 874/874/874 875/875/875 873/873/873
s 1
f 876/876/876 875/875/875 874/874/874
s 1
f 876/876/876 877/877/877 875/875/875
s 1
f 878/878/878 877/877/877 876/876/876
s 1
f 878/878/878 879/879/879 877/877/877
s 1
f 880/880/880 879/879/879 878/878/878
s 1
f 880/880/880 881/881/881 879/879/879
s 1
f 882/882/882 881/881/881 880/880/880
s 1
f 882/882/882 883/883/883 881/881/881
s 1
f 884/884/884 883/883/883 882/882/882
s 1
f 884/884/884 885/885/885 883/883/883
s 1
f 886/886/886 885/885/885 884/884/884
s 1
f 886/886/886 887/887/887 885/885/885
s 1
f 888/888/888 887/887/887 886/886/886
s 1
f 888/888/888 889/889/889 887/887/887
s 1
f 890/890/890 889/889/889 888/888/888
s 1
f 890/890/890 891/891/891 889/889/889
s 1
f 892/892/892 891/891/891 890/890/890
s 1
f 892/892/892 893/893/893 891/891/891
s 1
f 894/894/894 893/893/893 892/892/892
s 1
f 894/894/894 895/895/895 893/893/893
s 1
f 896/896/896 895/895/895 894/894/894
s 1
f 896/896/896 897/897/897 895/895/895
s 1
f 898/898/898 897/897/897 896/896/896
s 1
f 898/898/898 899/899/899 897/897/897
s 1
f 900/900/900 899/899/899 898/898/898
s 1
f 900/900/900 901/901/901 899/899/899
s 1
f 902/902/902 901/901/901 900/900/900
s 1
f 902/902/902 903/903/903 901/901/901
s 1
f 904/904/904 903/903/903 902/902/902
s 1
f 904/904/904 905/905/905 903/903/903
s 1
f 906/906/906 905/905/905 904/904/904
s 1
f 906/906/906 907/907/907 905/905/905
s 1
f 908/908/908 907/907/907 906/906/906
s 1
f 908/908/908 909/909/909 907/907/907
s 1
f 910/910/910 909/909/909 908/908/908
s 1
f 910/910/910 911/911/911 909/909/909
s 1
f 912/912/912 911/911/911 910/910/910
s 1
f 912/912/912 913/913/913 911/911/911
s 1
f 914/914/914 913/913/913 912/912/912
s 1
f 914/914/914 915/915/915 913/913/913
s 1
f 916/916/916 915/915/915 914/914/914
s 1
f 916/916/916 917/917/917 915/915/915
s 1
f 918/918/918 917/917/917 916/916/916
s 1
f 918/918/918 919/919/919 917/917/917
s 1
f 920/920/920 919/919/919 918/918/918
s 1
f 920/920/920 921/921/921 919/919/919
s 1
f 922/922/922 921/921/921 920/920/920
s 1
f 922/922/922 923/923/923 921/921/921
s 1
f 924/924/924 923/923/923 922/922/922
s 1
f 924/924/924 925/925/925 923/923/923
s 1
f 926/926/926 925/925/925 924/924/924
s 1
f 926/926/926 927/927/927 925/925/925
s 1
f 928/928/928 927/927/927 926/926/926
s 1
f 928/928/928 929/929/929 927/927/927
s 1
f 930/930/930 929/929/929 928/928/928
s 1
f 930/930/930 931/931/931 929/929/929
s 1
f 932/932/932 931/931/931 930/930/930
s 1
f 932/932/932 933/933/933 931/931/931
s 1
f 934/934/934 933/933/933 932/932/932
s 1
f 934/934/934 935/935/935 933/933/933
s 1
f 936/936/936 935/935/935 934/934/934
s 1
f 936/936/936 937/937/937 935/935/935
s 1
f 938/938/938 937/937/937 936/936/936
s 1
f 938/938/938 939/939/939 937/937/937
s 1
f 940/940/940 939/939/939 938/938/938
s 1
f 940/940/940 941/941/941 939/939/939
s 1
f 942/942/942 941/941/941 940/940/940
s 1
f 942/942/942 943/943/943 941/941/941
s 1
f 944/944/944 943/943/943 942/942/942
s 1
f 944/944/944 945/945/945 943/943/943
s 1
f 946/946/946 945/945/945 944/944/944
s 1
f 946/946/946 947/947/947 945/945/945
s 1
f 948/948/948 947/947/947 946/946/946
s 1
f 948/948/948 949/949/949 947/947/947
s 1
f 950/950/950 949/949/949 948/948/948
s 1
f 950/950/950 951/951/951 949/949/949
s 1
f 952/952/952 951/951/951 950/950/950
s 1
f 952/952/952 953/953/953 951/951/951
s 1
f 954/954/954 953/953/953 952/952/952
s 1
f 954/954/954 955/955/955 953/953/953
s 1
f 956/956/956 955/955/955 954/954/954
s 1
f 956/956/956 957/957/957 955/955/955
s 1
f 958/958/958 957/957/957 956/956/956
s 1
f 958/958/958 959/959/959 957/957/957
s 1
f 960/960/960 959/959/959 958/958/958
s 1
f 960/960/960 961/961/961 959/959/959
s 1
f 962/962/962 961/961/961 960/960/960
s 1
f 962/962/962 963/963/963 961/961/961
s 1
f 964/964/964 963/963/963 962/962/962
s 1
f 964/964/964 965/965/965 963/963/963
s 1
f 966/966/966 965/965/965 964/964/964
s 1
f 966/966/966 967/967/967 965/965/965
s 1
f 968/968/968 967/967/967 966/966/966
s 1
f 968/968/968 969/969/969 967/967/967
s 1
f 970/970/970 969/969/969 968/968/968
s 1
f 970/970/970 971/971/971 969/969/969
s 1
f 972/972/972 971/971/971 970/970/970
s 1
f 972/972/972 973/973/973 971/971/971
s 1
f 974/974/974 973/973/973 972/972/972
s 1
f 974/974/974 975/975/975 973/973/973
s 1
f 976/976/976 975/975/975 974/974/974
s 1
f 976/976/976 977/977/977 975/975/975
s 1
f 978/978/978 977/977/977 976/976/976
s 1
f 978/978/978 979/979/979 977/977/977
s 1
f 980/980/980 979/979/979 978/978/978
s 1
f 980/980/980 981/981/981 979/979/979
s 1
f 982/982/982 981/981/981 980/980/980
s 1
f 982/982/982 983/983/983 981/981/981
s 1
f 984/984/984 983/983/983 982/982/982
s 1
f 984/984/984 985/985/985 983/983/983
s 1
f 986/986/986 985/985/985 984/984/984
s 1
f 986/986/986 987/987/987 985/985/985
s 1
f 988/988/988 987/987/987 986/986/986
s 1
f 988/988/988 989/989/989 987/987/987
s 1
f 990/990/990 989/989/989 988/988/988
s 1
f 990/990/990 991/991/991 989/989/989
s 1
f 992/992/992 991/991/991 990/990/990
s 1
f 992/992/992 993/993/993 991/991/991
s 1
f 994/994/994 993/993/993 992/992/992
s 1
f 994/994/994 995/995/995 993/993/993
s 1
f 996/996/996 995/995/995 994/994/994
s 1
f 996/996/996 997/997/997 995/995/995
s 1
f 998/998/998 997/997/997 996/996/996
s 1
f 998/998/998 999/999/999 997/997/997
s 1
f 1000/1000/1000 999/999/999 998/998/998
s 1
f 1000/1000/1000 1001/1001/1001 999/999/999
s 1
f 1002/1002/1002 1001/1001/1001 1000/1000/1000
s 1
f 1002/1002/1002 1003/1003/1003 1001/1001/1001
s 1
f 1004/1004/1004 1003/1003/1003 1002/1002/1002
s 1
f 1004/1004/1004 1005/1005/1005 1003/1003/1003
s 1
f 1006/1006/1006 1005/1005/1005 1004/1004/1004
s 1
f 1006/1006/1006 1007/1007/1007 1005/1005/1005
s 1
f 1008/1008/1008 1007/1007/1007 1006/1006/1006
s 1
f 1008/1008/1008 1009/1009/1009 1007/1007/1007
s 1
f 1010/1010/1010 1009/1009/1009 1008/1008/1008
s 1
f 1010/1010/1010 1011/1011/1011 1009/1009/1009
s 1
f 1012/1012/1012 1011/1011/1011 1010/1010/1010
s 1
f 1012/1012/1012 1013/1013/1013 1011/1011/1011
s 1
f 1014/1014/1014 1013/1013/1013 1012/1012/1012
s 1
f 1014/1014/1014 1015/1015/1015 1013/1013/1013
s 1
f 1016/1016/1016 1015/1015/1015 1014/1014/1014
s 1
f 1016/1016/1016 1017/1017/1017 1015/1015/1015
s 1
f 1018/1018/1018 1017/1017/1017 1016/1016/1016
s 1
f 1018/1018/1018 1019/1019/1019 1017/1017/1017
s 1
f 1020/1020/1020 1019/1019/1019 1018/1018/1018
s 1
f 1020/1020/1020 1021/1021/1021 1019/1019/1019
s 1
f 1022/1022/1022 1021/1021/1021 1020/1020/1020
s 1
f 1022/1022/1022 1023/1023/1023 1021/1021/1021
s 1
f 1024/1024/1024 1023/1023/1023 1022/1022/1022
s 1
f 1024/1024/1024 1025/1025/1025 1023/1023/1023
s 1
f 1026/1026/1026 1025/1025/1025 1024/1024/1024
s 1
f 1026/1026/1026 1027/1027/1027 1025/1025/1025
s 1
f 1028/1028/1028 1027/1027/1027 1026/1026/1026
s 1
f 1028/1028/1028 1029/1029/1029 1027/1027/1027
s 1
f 1030/1030/1030 1029/1029/1029 1028/1028/1028
s 1
f 1030/1030/1030 1031/1031/1031 1029/1029/1029
s 1
f 1032/1032/1032 1031/1031/1031 1030/1030/1030
s 1
f 1032/1032/1032 1033/1033/1033 1031/1031/1031
s 1
f 1034/1034/1034 1033/1033/1033 1032/1032/1032
s 1
f 1034/1034/1034 1035/1035/1035 1033/1033/1033
s 1
f 1036/1036/1036 1035/1035/1035 1034/1034/1034
s 1
f 1036/1036/1036 1037/1037/1037 1035/1035/1035
s 1
f 1038/1038/1038 1037/1037/1037 1036/1036/1036
s 1
f 1038/1038/1038 1039/1039/1039 1037/1037/1037
s 1
f 1040/1040/1040 1039/1039/1039 1038/1038/1038
s 1
f 1040/1040/1040 1041/1041/1041 1039/1039/1039
s 1
f 1042/1042/1042 1041/1041/1041 1040/1040/1040
s 1
f 1042/1042/1042 1043/1043/1043 1041/1041/1041
s 1
f 1044/1044/1044 1043/1043/1043 1042/1042/1042
s 1
f 1044/1044/1044 1045/1045/1045 1043/1043/1043
s 1
f 1046/1046/1046 1045/1045/1045 1044/1044/1044
s 1
f 1046/1046/1046 1047/1047/1047 1045/1045/1045
s 1
f 1048/1048/1048 1047/1047/1047 1046/1046/1046
s 1
f 1048/1048/1048 1049/1049/1049 1047/1047/1047
s 1
f 1050/1050/1050 1049/1049/1049 1048/1048/1048
s 1
f 1050/1050/1050 1051/1051/1051 1049/1049/1049
s 1
f 1052/1052/1052 1051/1051/1051 1050/1050/1050
s 1
f 1052/1052/1052 1053/1053/1053 1051/1051/1051
s 1
f 1054/1054/1054 1053/1053/1053 1052/1052/1052
s 1
f 1054/1054/1054 1055/1055/1055 1053/1053/1053
s 1
f 1056/1056/1056 1055/1055/1055 1054/1054/1054
s 1
f 1056/1056/1056 1057/1057/1057 1055/1055/1055
s 1
f 1058/1058/1058 1057/1057/1057 1056/1056/1056
s 1
f 1058/1058/1058 1059/1059/1059 1057/1057/1057
s 1
f 1060/1060/1060 1059/1059/1059 1058/1058/1058
s 1
f 1060/1060/1060 1061/1061/1061 1059/1059/1059
s 1
f 1062/1062/1062 1061/1061/1061 1060/1060/1060
s 1
f 1062/1062/1062 1063/1063/1063 1061/1061/1061
s 1
f 1064/1064/1064 1063/1063/1063 1062/1062/1062
s 1
f 1064/1064/1064 1065/1065/1065 1063/1063/1063
s 1
f 1066/1066/1066 1065/1065/1065 1064/1064/1064
s 1
f 1066/1066/1066 1067/1067/1067 1065/1065/1065
s 1
f 1068/1068/1068 1067/1067/1067 1066/1066/1066
s 1
f 1068/1068/1068 1069/1069/1069 1067/1067/1067
s 1
f 1070/1070/1070 1069/1069/1069 1068/1068/1068
s 1
f 1070/1070/1070 1071/1071/1071 1069/1069/1069
s 1
f 1072/1072/1072 1071/1071/1071 1070/1070/1070
s 1
f 1072/1072/1072 1073/1073/1073 1071/1071/1071
s 1
f 1074/1074/1074 1073/1073/1073 1072/1072/1072
s 1
f 1074/1074/1074 1075/1075/1075 1073/1073/1073
s 1
f 1076/1076/1076 1075/1075/1075 1074/1074/1074
s 1
f 1076/1076/1076 1077/1077/1077 1075/1075/1075
s 1
f 1078/1078/1078 1077/1077/1077 1076/1076/1076
s 1
f 1078/1078/1078 1079/1079/1079 1077/1077/1077
s 1
f 1080/1080/1080 1079/1079/1079 1078/1078/1078
s 1
f 1080/1080/1080 1081/1081/1081 1079/1079/1079
s 1
f 1082/1082/1082 1081/1081/1081 1080/1080/1080
s 1
f 1082/1082/1082 1083/1083/1083 1081/1081/1081
s 1
f 1084/1084/1084 1083/1083/1083 1082/1082/1082
s 1
f 1084/1084/1084 1085/1085/1085 1083/1083/1083
s 1
f 1086/1086/1086 1085/1085/1085 1084/1084/1084
s 1
f 1086/1086/1086 1087/1087/1087 1085/1085/1085
s 1
f 1088/1088/1088 1087/1087/1087 1086/1086/1086
s 1
f 1088/1088/1088 1089/1089/1089 1087/1087/1087
s 1
f 1090/1090/1090 1089/1089/1089 1088/1088/1088
s 1
f 1090/1090/1090 1091/1091/1091 1089/1089/1089
s 1
f 1092/1092/1092 1091/1091/1091 1090/1090/1090
s 1
f 1092/1092/1092 1093/1093/1093 1091/1091/1091
s 1
f 1094/1094/1094 1093/1093/1093 1092/1092/1092
s 1
f 1094/1094/1094 1095/1095/1095 1093/1093/1093
s 1
f 1096/1096/1096 1095/1095/1095 1094/1094/1094
s 1
f 1096/1096/1096 1097/1097/1097 1095/1095/1095
s 1
f 1098/1098/1098 1097/1097/1097 1096/1096/1096
s 1
f 1098/1098/1098 1099/1099/1099 1097/1097/1097
s 1
f 1100/1100/1100 1099/1099/1099 1098/1098/1098
s 1
f 1100/1100/1100 1101/1101/1101 1099/1099/1099
s 1
f 1102/1102/1102 1101/1101/1101 1100/1100/1100
s 1
f 1102/1102/1102 1103/1103/1103 1101/1101/1101
s 1
f 1104/1104/1104 1103/1103/1103 1102/1102/1102
s 1
f 1104/1104/1104 1105/1105/1105 1103/1103/1103
s 1
f 1106/1106/1106 1105/1105/1105 1104/1104/1104
s 1
f 1106/1106/1106 1107/1107/1107 1105/1105/1105
s 1
f 1108/1108/1108 1107/1107/1107 1106/1106/1106
s 1
f 1108/1108/1108 1109/1109/1109 1107/1107/1107
s 1
f 1110/1110/1110 1109/1109/1109 1108/1108/1108
s 1
f 1110/1110/1110 1111/1111/1111 1109/1109/1109
s 1
f 1112/1112/1112 1111/1111/1111 1110/1110/1110
s 1
f 1112/1112/1112 1113/1113/1113 1111/1111/1111
s 1
f 1114/1114/1114 1113/1113/1113 1112/1112/1112
s 1
f 1114/1114/1114 1115/1115/1115 1113/1113/1113
s 1
f 1116/1116/1116 1115/1115/1115 1114/1114/1114
s 1
f 1116/1116/1116 1117/1117/1117 1115/1115/1115
s 1
f 1118/1118/1118 1117/1117/1117 1116/1116/1116
s 1
f 1118/1118/1118 1119/1119/1119 1117/1117/1117
s 1
f 1120/1120/1120 1119/1119/1119 1118/1118/1118
s 1
f 1120/1120/1120 1121/1121/1121 1119/1119/1119
s 1
f 1122/1122/1122 1121/1121/1121 1120/1120/1120
s 1
f 1122/1122/1122 1123/1123/1123 1121/1121/1121
s 1
f 1124/1124/1124 1123/1123/1123 1122/1122/1122
s 1
f 1124/1124/1124 1125/1125/1125 1123/1123/1123
s 1
f 1126/1126/1126 1125/1125/1125 1124/1124/1124
s 1
f 1126/1126/1126 1127/1127/1127 1125/1125/1125
s 1
f 1128/1128/1128 1127/1127/1127 1126/1126/1126
s 1
f 1128/1128/1128 1129/1129/1129 1127/1127/1127
s 1
f 1130/1130/1130 1129/1129/1129 1128/1128/1128
s 1
f 1130/1130/1130 1131/1131/1131 1129/1129/1129
s 1
f 1132/1132/1132 1131/1131/1131 1130/1130/1130
s 1
f 1132/1132/1132 1133/1133/1133 1131/1131/1131
s 1
f 1134/1134/1134 1133/1133/1133 1132/1132/1132
s 1
f 1134/1134/1134 1135/1135/1135 1133/1133/1133
s 1
f 1136/1136/1136 1135/1135/1135 1134/1134/1134
s 1
f 1136/1136/1136 1137/1137/1137 1135/1135/1135
s 1
f 1138/1138/1138 1137/1137/1137 1136/1136/1136
s 1
f 1138/1138/1138 1139/1139/1139 1137/1137/1137
s 1
f 1140/1140/1140 1139/1139/1139 1138/1138/1138
s 1
f 1140/1140/1140 1141/1141/1141 1139/1139/1139
s 1
f 1142/1142/1142 1141/1141/1141 1140/1140/1140
s 1
f 1142/1142/1142 1143/1143/1143 1141/1141/1141
s 1
f 1144/1144/1144 1143/1143/1143 1142/1142/1142
s 1
f 1144/1144/1144 1145/1145/1145 1143/1143/1143
s 1
f 1146/1146/1146 1145/1145/1145 1144/1144/1144
s 1
f 1146/1146/1146 1147/1147/1147 1145/1145/1145
s 1
f 1148/1148/1148 1147/1147/1147 1146/1146/1146
s 1
f 1148/1148/1148 1149/1149/1149 1147/1147/1147
s 1
f 1150/1150/1150 1149/1149/1149 1148/1148/1148
s 1
f 1150/1150/1150 1151/1151/1151 1149/1149/1149
s 1
f 1152/1152/1152 1151/1151/1151 1150/1150/1150
s 1
f 1152/1152/1152 1153/1153/1153 1151/1151/1151
s 1
f 1154/1154/1154 1153/1153/1153 1152/1152/1152
s 1
f 1154/1154/1154 1155/1155/1155 1153/1153/1153
s 1
f 1156/1156/1156 1155/1155/1155 1154/1154/1154
s 1
f 1156/1156/1156 1157/1157/1157 1155/1155/1155
s 1
f 1158/1158/1158 1157/1157/1157 1156/1156/1156
s 1
f 1158/1158/1158 1159/1159/1159 1157/1157/1157
s 1
f 1160/1160/1160 1159/1159/1159 1158/1158/1158
s 1
f 1160/1160/1160 1161/1161/1161 1159/1159/1159
s 1
f 1162/1162/1162 1161/1161/1161 1160/1160/1160
s 1
f 1162/1162/1162 1163/1163/1163 1161/1161/1161
s 1
f 1164/1164/1164 1163/1163/1163 1162/1162/1162
s 1
f 1164/1164/1164 1165/1165/1165 1163/1163/1163
s 1
f 1166/1166/1166 1165/1165/1165 1164/1164/1164
s 1
f 1166/1166/1166 1167/1167/1167 1165/1165/1165
s 1
f 1168/1168/1168 1167/1167/1167 1166/1166/1166
s 1
f 1168/1168/1168 1169/1169/1169 1167/1167/1167
s 1
f 1170/1170/1170 1169/1169/1169 1168/1168/1168
s 1
f 1170/1170/1170 1171/1171/1171 1169/1169/1169
s 1
f 1172/1172/1172 1171/1171/1171 1170/1170/1170
s 1
f 1172/1172/1172 1173/1173/1173 1171/1171/1171
s 1
f 1174/1174/1174 1173/1173/1173 1172/1172/1172
s 1
f 1174/1174/1174 1175/1175/1175 1173/1173/1173
s 1
f 1176/1176/1176 1175/1175/1175 1174/1174/1174
s 1
f 1176/1176/1176 1177/1177/1177 1175/1175/1175
s 1
f 1178/1178/1178 1177/1177/1177 1176/1176/1176
s 1
f 1178/1178/1178 1179/1179/1179 1177/1177/1177
s 1
f 1180/1180/1180 1179/1179/1179 1178/1178/1178
s 1
f 1180/1180/1180 1181/1181/1181 1179/1179/1179
s 1
f 1182/1182/1182 1181/1181/1181 1180/1180/1180
s 1
f 1182/1182/1182 1183/1183/1183 1181/1181/1181
s 1
f 1184/1184/1184 1183/1183/1183 1182/1182/1182
s 1
f 1184/1184/1184 1185/1185/1185 1183/1183/1183
s 1
f 1186/1186/1186 1185/1185/1185 1184/1184/1184
s 1
f 1186/1186/1186 1187/1187/1187 1185/1185/1185
s 1
f 1188/1188/1188 1187/1187/1187 1186/1186/1186
s 1
f 1188/1188/1188 1189/1189/1189 1187/1187/1187
s 1
f 1190/1190/1190 1189/1189/1189 1188/1188/1188
s 1
f 1190/1190/1190 1191/1191/1191 1189/1189/1189
s 1
f 1192/1192/1192 1191/1191/1191 1190/1190/1190
s 1
f 1192/1192/1192 1193/1193/1193 1191/1191/1191
s 1
f 1194/1194/1194 1193/1193/1193 1192/1192/1192
s 1
f 1194/1194/1194 1195/1195/1195 1193/1193/1193
s 1
f 1196/1196/1196 1195/1195/1195 1194/1194/1194
s 1
f 1196/1196/1196 1197/1197/1197 1195/1195/1195
s 1
f 1198/1198/1198 1197/1197/1197 1196/1196/1196
s 1
f 1198/1198/1198 1199/1199/1199 1197/1197/1197
s 1
f 1200/1200/1200 1199/1199/1199 1198/1198/1198
s 1
f 1200/1200/1200 1201/1201/1201 1199/1199/1199
s 1
f 1202/1202/1202 1201/1201/1201 1200/1200/1200
s 1
f 1202/1202/1202 1203/1203/1203 1201/1201/1201
s 1
f 1204/1204/1204 1203/1203/1203 1202/1202/1202
s 1
f 1204/1204/1204 1205/1205/1205 1203/1203/1203
s 1
f 1206/1206/1206 1205/1205/1205 1204/1204/1204
s 1
f 1206/1206/1206 1207/1207/1207 1205/1205/1205
s 1
f 1208/1208/1208 1207/1207/1207 1206/1206/1206
s 1
f 1208/1208/1208 1209/1209/1209 1207/1207/1207
s 1
f 1210/1210/1210 1209/1209/1209 1208/1208/1208
s 1
f 1210/1210/1210 1211/1211/1211 1209/1209/1209
s 1
f 1212/1212/1212 1211/1211/1211 1210/1210/1210
s 1
f 1212/1212/1212 1213/1213/1213 1211/1211/1211
s 1
f 1214/1214/1214 1213/1213/1213 1212/1212/1212
s 1
f 1214/1214/1214 1215/1215/1215 1213/1213/1213
s 1
f 1216/1216/1216 1215/1215/1215 1214/1214/1214
s 1
f 1216/1216/1216 1217/1217/1217 1215/1215/1215
s 1
f 1218/1218/1218 1217/1217/1217 1216/1216/1216
s 1
f 1218/1218/1218 1219/1219/1219 1217/1217/1217
s 1
f 1220/1220/1220 1219/1219/1219 1218/1218/1218
s 1
f 1220/1220/1220 1221/1221/1221 1219/1219/1219
s 1
f 1222/1222/1222 1221/1221/1221 1220/1220/1220
s 1
f 1222/1222/1222 1223/1223/1223 1221/1221/1221
s 1
f 1224/1224/1224 1223/1223/1223 1222/1222/1222
s 1
f 1224/1224/1224 1225/1225/1225 1223/1223/1223
s 1
f 1226/1226/1226 1225/1225/1225 1224/1224/1224
s 1
f 1226/1226/1226 1227/1227/1227 1225/1225/1225
s 1
f 1228/1228/1228 1227/1227/1227 1226/1226/1226
s 1
f 1228/1228/1228 1229/1229/1229 1227/1227/1227
s 1
f 1230/1230/1230 1229/1229/1229 1228/1228/1228
s 1
f 1230/1230/1230 1231/1231/1231 1229/1229/1229
s 1
f 1232/1232/1232 1231/1231/1231 1230/1230/1230
s 1
f 1232/1232/1232 1233/1233/1233 1231/1231/1231
s 1
f 1234/1234/1234 1233/1233/1233 1232/1232/1232
s 1
f 1234/1234/1234 1235/1235/1235 1233/1233/1233
s 1
f 1236/1236/1236 1235/1235/1235 1234/1234/1234
s 1
f 1236/1236/1236 1237/1237/1237 1235/1235/1235
s 1
f 1238/1238/1238 1237/1237/1237 1236/1236/1236
s 1
f 1238/1238/1238 1239/1239/1239 1237/1237/1237
s 1
f 1240/1240/1240 1239/1239/1239 1238/1238/1238
s 1
f 1240/1240/1240 1241/1241/1241 1239/1239/1239
s 1
f 1242/1242/1242 1241/1241/1241 1240/1240/1240
s 1
f 1242/1242/1242 1243/1243/1243 1241/1241/1241
s 1
f 1244/1244/1244 1243/1243/1243 1242/1242/1242
s 1
f 1244/1244/1244 1245/1245/1245 1243/1243/1243
s 1
f 1246/1246/1246 1245/1245/1245 1244/1244/1244
s 1
f 1246/1246/1246 1247/1247/1247 1245/1245/1245
s 1
f 1248/1248/1248 1247/1247/1247 1246/1246/1246
s 1
f 1248/1248/1248 1249/1249/1249 1247/1247/1247
s 1
f 1250/1250/1250 1249/1249/1249 1248/1248/1248
s 1
f 1250/1250/1250 1251/1251/1251 1249/1249/1249
s 1
f 1252/1252/1252 1251/1251/1251 1250/1250/1250
s 1
f 1252/1252/1252 1253/1253/1253 1251/1251/1251
s 1
f 1254/1254/1254 1253/1253/1253 1252/1252/1252
s 1
f 1254/1254/1254 1255/1255/1255 1253/1253/1253
s 1
f 1256/1256/1256 1255/1255/1255 1254/1254/1254
s 1
f 1256/1256/1256 1257/1257/1257 1255/1255/1255
s 1
f 1258/1258/1258 1257/1257/1257 1256/1256/1256
s 1
f 1258/1258/1258 1259/1259/1259 1257/1257/1257
s 1
f 1260/1260/1260 1259/1259/1259 1258/1258/1258
s 1
f 1260/1260/1260 1261/1261/1261 1259/1259/1259
s 1
f 1262/1262/1262 1261/1261/1261 1260/1260/1260
s 1
f 1262/1262/1262 1263/1263/1263 1261/1261/1261
s 1
f 1264/1264/1264 1263/1263/1263 1262/1262/1262
s 1
f 1264/1264/1264 1265/1265/1265 1263/1263/1263
s 1
f 1266/1266/1266 1265/1265/1265 1264/1264/1264
s 1
f 1266/1266/1266 1267/1267/1267 1265/1265/1265
s 1
f 1268/1268/1268 1267/1267/1267 1266/1266/1266
s 1
f 1268/1268/1268 1269/1269/1269 1267/1267/1267
s 1
f 1270/1270/1270 1269/1269/1269 1268/1268/1268
s 1
f 1270/1270/1270 1271/1271/1271 1269/1269/1269
s 1
f 1272/1272/1272 1271/1271/1271 1270/1270/1270
s 1
f 1272/1272/1272 1273/1273/1273 1271/1271/1271
s 1
f 1274/1274/1274 1273/1273/1273 1272/1272/1272
s 1
f 1274/1274/1274 1275/1275/1275 1273/1273/1273
s 1
f 1276/1276/1276 1275/1275/1275 1274/1274/1274
s 1
f 1276/1276/1276 1277/1277/1277 1275/1275/1275
s 1
f 1278/1278/1278 1277/1277/1277 1276/1276/1276
s 1
f 1278/1278/1278 1279/1279/1279 1277/1277/1277
s 1
f 1280/1280/1280 1279/1279/1279 1278/1278/1278
s 1
f 1280/1280/1280 1281/1281/1281 1279/1279/1279
s 1
f 1282/1282/1282 1281/1281/1281 1280/1280/1280
s 1
f 1282/1282/1282 1283/1283/1283 1281/1281/1281
s 1
f 1284/1284/1284 1283/1283/1283 1282/1282/1282
s 1
f 1284/1284/1284 1285/1285/1285 1283/1283/1283
s 1
f 1286/1286/1286 1285/1285/1285 1284/1284/1284
s 1
f 1286/1286/1286 1287/1287/1287 1285/1285/1285
s 1
f 1288/1288/1288 1287/1287/1287 1286/1286/1286
s 1
f 1288/1288/1288 1289/1289/1289 1287/1287/1287
s 1
f 1290/1290/1290 1289/1289/1289 1288/1288/1288
s 1
f 1290/1290/1290 1291/1291/1291 1289/1289/1289
s 1
f 1292/1292/1292 1291/1291/1291 1290/1290/1290
s 1
f 1292/1292/1292 1293/1293/1293 1291/1291/1291
s 1
f 1294/1294/1294 1293/1293/1293 1292/1292/1292
s 1
f 1294/1294/1294 1295/1295/1295 1293/1293/1293
s 1
f 1296/1296/1296 1295/1295/1295 1294/1294/1294
s 1
f 1296/1296/1296 1297/1297/1297 1295/1295/1295
s 1
f 1298/1298/1298 1297/1297/1297 1296/1296/1296
s 1
f 1298/1298/1298 1299/1299/1299 1297/1297/1297
s 1
f 1300/1300/1300 1299/1299/1299 1298/1298/1298
s 1
f 1300/1300/1300 1301/1301/1301 1299/1299/1299
s 1
f 1302/1302/1302 1301/1301/1301 1300/1300/1300
s 1
f 1302/1302/1302 1303/1303/1303 1301/1301/1301
s 1
f 1304/1304/1304 1303/1303/1303 1302/1302/1302
s 1
f 1304/1304/1304 1305/1305/1305 1303/1303/1303
s 1
f 1306/1306/1306 1305/1305/1305 1304/1304/1304
s 1
f 1306/1306/1306 1307/1307/1307 1305/1305/1305
s 1
f 1308/1308/1308 1307/1307/1307 1306/1306/1306
s 1
f 1308/1308/1308 1309/1309/1309 1307/1307/1307
s 1
f 1310/1310/1310 1309/1309/1309 1308/1308/1308
s 1
f 1310/1310/1310 1311/1311/1311 1309/1309/1309
s 1
f 1312/1312/1312 1311/1311/1311 1310/1310/1310
s 1
f 1312/1312/1312 1313/1313/1313 1311/1311/1311
s 1
f 1314/1314/1314 1313/1313/1313 1312/1312/1312
s 1
f 1314/1314/1314 1315/1315/1315 1313/1313/1313
s 1
f 1316/1316/1316 1315/1315/1315 1314/1314/1314
s 1
f 1316/1316/1316 1317/1317/1317 1315/1315/1315
s 1
f 1318/1318/1318 1317/1317/1317 1316/1316/1316
s 1
f 1318/1318/1318 1319/1319/1319 1317/1317/1317
s 1
f 1320/1320/1320 1319/1319/1319 1318/1318/1318
s 1
f 1320/1320/1320 1321/1321/1321 1319/1319/1319
s 1
f 1322/1322/1322 1321/1321/1321 1320/1320/1320
s 1
f 1322/1322/1322 1323/1323/1323 1321/1321/1321
s 1
f 1324/1324/1324 1323/1323/1323 1322/1322/1322
s 1
f 1324/1324/1324 1325/1325/1325 1323/1323/1323
s 1
f 1326/1326/1326 1325/1325/1325 1324/1324/1324
s 1
f 1326/1326/1326 1327/1327/1327 1325/1325/1325
s 1
f 1328/1328/1328 1327/1327/1327 1326/1326/1326
s 1
f 1328/1328/1328 1329/1329/1329 1327/1327/1327
s 1
f 1330/1330/1330 1329/1329/1329 1328/1328/1328
s 1
f 1330/1330/1330 1331/1331/1331 1329/1329/1329
s 1
f 1332/1332/1332 1331/1331/1331 1330/1330/1330
s 1
f 1332/1332/1332 1333/1333/1333 1331/1331/1331
s 1
f 1334/1334/1334 1333/1333/1333 1332/1332/1332
s 1
f 1334/1334/1334 1335/1335/1335 1333/1333/1333
s 1
f 1336/1336/1336 1335/1335/1335 1334/1334/1334
s 1
f 1336/1336/1336 1337/1337/1337 1335/1335/1335
s 1
f 1338/1338/1338 1337/1337/1337 1336/1336/1336
s 1
f 1338/1338/1338 1339/1339/1339 1337/1337/1337
s 1
f 1340/1340/1340 1339/1339/1339 1338/1338/1338
s 1
f 1340/1340/1340 1341/1341/1341 1339/1339/1339
s 1
f 1342/1342/1342 1341/1341/1341 1340/1340/1340
s 1
f 1342/1342/1342 1343/1343/1343 1341/1341/1341
s 1
f 1344/1344/1344 1343/1343/1343 1342/1342/1342
s 1
f 1344/1344/1344 1345/1345/1345 1343/1343/1343
s 1
f 1346/1346/1346 1345/1345/1345 1344/1344/1344
s 1
f 1346/1346/1346 1347/1347/1347 1345/1345/1345
s 1
f 1348/1348/1348 1347/1347/1347 1346/1346/1346
s 1
f 1348/1348/1348 1349/1349/1349 1347/1347/1347
s 1
f 1350/1350/1350 1349/1349/1349 1348/1348/1348
s 1
f 1350/1350/1350 1351/1351/1351 1349/1349/1349
s 1
f 1352/1352/1352 1351/1351/1351 1350/1350/1350
s 1
f 1352/1352/1352 1353/1353/1353 1351/1351/1351
s 1
f 1354/1354/1354 1353/1353/1353 1352/1352/1352
s 1
f 1354/1354/1354 1355/1355/1355 1353/1353/1353
s 1
f 1356/1356/1356 1355/1355/1355 1354/1354/1354
s 1
f 1356/1356/1356 1357/1357/1357 1355/1355/1355
s 1
f 1358/1358/1358 1357/1357/1357 1356/1356/1356
s 1
f 1358/1358/1358 1359/1359/1359 1357/1357/1357
s 1
f 1360/1360/1360 1359/1359/1359 1358/1358/1358
s 1
f 1360/1360/1360 1361/1361/1361 1359/1359/1359
s 1
f 1362/1362/1362 1361/1361/1361 1360/1360/1360
s 1
f 1362/1362/1362 1363/1363/1363 1361/1361/1361
s 1
f 1364/1364/1364 1363/1363/1363 1362/1362/1362
s 1
f 1364/1364/1364 1365/1365/1365 1363/1363/1363
s 1
f 1366/1366/1366 1365/1365/1365 1364/1364/1364
s 1
f 1366/1366/1366 1367/1367/1367 1365/1365/1365
s 1
f 1368/1368/1368 1367/1367/1367 1366/1366/1366
s 1
f 1368/1368/1368 1369/1369/1369 1367/1367/1367
s 1
f 1370/1370/1370 1369/1369/1369 1368/1368/1368
s 1
f 1370/1370/1370 1371/1371/1371 1369/1369/1369
s 1
f 1372/1372/1372 1371/1371/1371 1370/1370/1370
s 1
f 1372/1372/1372 1373/1373/1373 1371/1371/1371
s 1
f 1374/1374/1374 1373/1373/1373 1372/1372/1372
s 1
f 1374/1374/1374 1375/1375/1375 1373/1373/1373
s 1
f 1376/1376/1376 1375/1375/1375 1374/1374/1374
s 1
f 1376/1376/1376 1377/1377/1377 1375/1375/1375
s 1
f 1378/1378/1378 1377/1377/1377 1376/1376/1376
s 1
f 1378/1378/1378 1379/1379/1379 1377/1377/1377
s 1
f 1380/1380/1380 1379/1379/1379 1378/1378/1378
s 1
f 1380/1380/1380 1381/1381/1381 1379/1379/1379
s 1
f 1382/1382/1382 1381/1381/1381 1380/1380/1380
s 1
f 1382/1382/1382 1383/1383/1383 1381/1381/1381
s 1
f 1384/1384/1384 1383/1383/1383 1382/1382/1382
s 1
f 1384/1384/1384 1385/1385/1385 1383/1383/1383
s 1
f 1386/1386/1386 1385/1385/1385 1384/1384/1384
s 1
f 1386/1386/1386 1387/1387/1387 1385/1385/1385
s 1
f 1388/1388/1388 1387/1387/1387 1386/1386/1386
s 1
f 1388/1388/1388 1389/1389/1389 1387/1387/1387
s 1
f 1390/1390/1390 1389/1389/1389 1388/1388/1388
s 1
f 1390/1390/1390 1391/1391/1391 1389/1389/1389
s 1
f 1392/1392/1392 1391/1391/1391 1390/1390/1390
s 1
f 1392/1392/1392 1393/1393/1393 1391/1391/1391
s 1
f 1394/1394/1394 1393/1393/1393 1392/1392/1392
s 1
f 1394/1394/1394 1395/1395/1395 1393/1393/1393
s 1
f 1396/1396/1396 1395/1395/1395 1394/1394/1394
s 1
f 1396/1396/1396 1397/1397/1397 1395/1395/1395
s 1
f 1398/1398/1398 1397/1397/1397 1396/1396/1396
s 1
f 1398/1398/1398 1399/1399/1399 1397/1397/1397
s 1
f 1400/1400/1400 1399/1399/1399 1398/1398/1398
s 1
f 1400/1400/1400 1401/1401/1401 1399/1399/1399
s 1
f 1402/1402/1402 1401/1401/1401 1400/1400/1400
s 1
f 1402/1402/1402 1403/1403/1403 1401/1401/1401
s 1
f 1404/1404/1404 1403/1403/1403 1402/1402/1402
s 1
f 1404/1404/1404 1405/1405/1405 1403/1403/1403
s 1
f 1406/1406/1406 1405/1405/1405 1404/1404/1404
s 1
f 1406/1406/1406 1407/1407/1407 1405/1405/1405
s 1
f 1408/1408/1408 1407/1407/1407 1406/1406/1406
s 1
f 1408/1408/1408 1409/1409/1409 1407/1407/1407
s 1
f 1410/1410/1410 1409/1409/1409 1408/1408/1408
s 1
f 1410/1410/1410 1411/1411/1411 1409/1409/1409
s 1
f 1412/1412/1412 1411/1411/1411 1410/1410/1410
s 1
f 1412/1412/1412 1413/1413/1413 1411/1411/1411
s 1
f 1414/1414/1414 1413/1413/1413 1412/1412/1412
s 1
f 1414/1414/1414 1415/1415/1415 1413/1413/1413
s 1
f 1416/1416/1416 1415/1415/1415 1414/1414/1414
s 1
f 1416/1416/1416 1417/1417/1417 1415/1415/1415
s 1
f 1418/1418/1418 1417/1417/1417 1416/1416/1416
s 1
f 1418/1418/1418 1419/1419/1419 1417/1417/1417
s 1
f 1420/1420/1420 1419/1419/1419 1418/1418/1418
s 1
f 1420/1420/1420 1421/1421/1421 1419/1419/1419
s 1
f 1422/1422/1422 1421/1421/1421 1420/1420/1420
s 1
f 1422/1422/1422 1423/1423/1423 1421/1421/1421
s 1
f 1424/1424/1424 1423/1423/1423 1422/1422/1422
s 1
f 1424/1424/1424 1425/1425/1425 1423/1423/1423
s 1
f 1426/1426/1426 1425/1425/1425 1424/1424/1424
s 1
f 1426/1426/1426 1427/1427/1427 1425/1425/1425
s 1
f 1428/1428/1428 1427/1427/1427 1426/1426/1426
s 1
f 1428/1428/1428 1429/1429/1429 1427/1427/1427
s 1
f 1430/1430/1430 1429/1429/1429 1428/1428/1428
s 1
f 1430/1430/1430 1431/1431/1431 1429/1429/1429
s 1
f 1432/1432/1432 1431/1431/1431 1430/1430/1430
s 1
f 1432/1432/1432 1433/1433/1433 1431/1431/1431
s 1
f 1434/1434/1434 1433/1433/1433 1432/1432/1432
s 1
f 1434/1434/1434 1435/1435/1435 1433/1433/1433
s 1
f 1436/1436/1436 1435/1435/1435 1434/1434/1434
s 1
f 1436/1436/1436 1437/1437/1437 1435/1435/1435
s 1
f 1438/1438/1438 1437/1437/1437 1436/1436/1436
s 1
f 1438/1438/1438 1439/1439/1439 1437/1437/1437
s 1
f 1440/1440/1440 1439/1439/1439 1438/1438/1438
s 1
f 1440/1440/1440 1441/1441/1441 1439/1439/1439
s 1
f 1442/1442/1442 1441/1441/1441 1440/1440/1440
s 1
f 1442/1442/1442 1443/1443/1443 1441/1441/1441
s 1
f 1444/1444/1444 1443/1443/1443 1442/1442/1442
s 1
f 1444/1444/1444 1445/1445/1445 1443/1443/1443
s 1
f 1446/1446/1446 1445/1445/1445 1444/1444/1444
s 1
f 1446/1446/1446 1447/1447/1447 1445/1445/1445
s 1
f 1448/1448/1448 1447/1447/1447 1446/1446/1446
s 1
f 1448/1448/1448 1449/1449/1449 1447/1447/1447
s 1
f 1450/1450/1450 1449/1449/1449 1448/1448/1448
s 1
f 1450/1450/1450 1451/1451/1451 1449/1449/1449
s 1
f 1452/1452/1452 1451/1451/1451 1450/1450/1450
s 1
f 1452/1452/1452 1453/1453/1453 1451/1451/1451
s 1
f 1454/1454/1454 1453/1453/1453 1452/1452/1452
s 1
f 1454/1454/1454 1455/1455/1455 1453/1453/1453
s 1
f 1456/1456/1456 1455/1455/1455 1454/1454/1454
s 1
f 1456/1456/1456 1457/1457/1457 1455/1455/1455
s 1
f 1458/1458/1458 1457/1457/1457 1456/1456/1456
s 1
f 1458/1458/1458 1459/1459/1459 1457/1457/1457
s 1
f 1460/1460/1460 1459/1459/1459 1458/1458/1458
s 1
f 1460/1460/1460 1461/1461/1461 1459/1459/1459
s 1
f 1462/1462/1462 1461/1461/1461 1460/1460/1460
s 1
f 1462/1462/1462 1463/1463/1463 1461/1461/1461
s 1
f 1464/1464/1464 1463/1463/1463 1462/1462/1462
s 1
f 1464/1464/1464 1465/1465/1465 1463/1463/1463
s 1
f 1466/1466/1466 1465/1465/1465 1464/1464/1464
s 1
f 1466/1466/1466 1467/1467/1467 1465/1465/1465
s 1
f 1468/1468/1468 1467/1467/1467 1466/1466/1466
s 1
f 1468/1468/1468 1469/1469/1469 1467/1467/1467
s 1
f 1470/1470/1470 1469/1469/1469 1468/1468/1468
s 1
f 1470/1470/1470 1471/1471/1471 1469/1469/1469
s 1
f 1472/1472/1472 1471/1471/1471 1470/1470/1470
s 1
f 1472/1472/1472 1473/1473/1473 1471/1471/1471
s 1
f 1474/1474/1474 1473/1473/1473 1472/1472/1472
s 1
f 1474/1474/1474 1475/1475/1475 1473/1473/1473
s 1
f 1476/1476/1476 1475/1475/1475 1474/1474/1474
s 1
f 1476/1476/1476 1477/1477/1477 1475/1475/1475
s 1
f 1478/1478/1478 1477/1477/1477 1476/1476/1476
s 1
f 1478/1478/1478 1479/1479/1479 1477/1477/1477
s 1
f 1480/1480/1480 1479/1479/1479 1478/1478/1478
s 1
f 1480/1480/1480 1481/1481/1481 1479/1479/1479
s 1
f 1482/1482/1482 1481/1481/1481 1480/1480/1480
s 1
f 1482/1482/1482 1483/1483/1483 1481/1481/1481
s 1
f 1484/1484/1484 1483/1483/1483 1482/1482/1482
s 1
f 1484/1484/1484 1485/1485/1485 1483/1483/1483
s 1
f 1486/1486/1486 1485/1485/1485 1484/1484/1484
s 1
s 1

